,State,Make,Model,StateEncode,MakeEncode,ModelEncode
379301,39,0,51,NY,Honda,CR-Z3dr
380360,51,0,57,VA,Honda,CR-ZManual
380429,54,0,57,WA,Honda,CR-ZManual
380708,29,0,53,MS,Honda,CR-ZCVT
381038,39,0,53,NY,Honda,CR-ZCVT
381195,48,0,53,TN,Honda,CR-ZCVT
381572,55,0,129,WI,Honda,InsightBase
381802,49,0,75,TX,Honda,CivicSi
381961,54,0,53,WA,Honda,CR-ZCVT
382191,17,0,97,ID,Honda,FitLX
382232,23,0,52,MA,Honda,CR-ZAutomatic
382693,51,0,53,VA,Honda,CR-ZCVT
382888,55,0,53,WI,Honda,CR-ZCVT
383224,44,0,52,PA,Honda,CR-ZAutomatic
383315,7,0,128,CT,Honda,Insight5dr
383318,6,0,52,CO,Honda,CR-ZAutomatic
383331,0,0,51,AK,Honda,CR-Z3dr
383559,27,0,132,MN,Honda,InsightEX
383576,33,0,132,ND,Honda,InsightEX
383709,11,0,56,FL,Honda,CR-ZLX
383892,24,0,130,MD,Honda,InsightCVT
383981,1,0,97,AL,Honda,FitLX
384022,51,0,132,VA,Honda,InsightEX
384199,15,0,129,HI,Honda,InsightBase
384306,49,0,57,TX,Honda,CR-ZManual
384390,48,0,54,TN,Honda,CR-ZEX
384405,23,0,51,MA,Honda,CR-Z3dr
384443,22,0,97,LA,Honda,FitLX
384691,11,0,52,FL,Honda,CR-ZAutomatic
384796,30,0,98,MT,Honda,FitManual
385002,18,0,132,IL,Honda,InsightEX
385031,50,0,94,UT,Honda,FitAutomatic
385106,37,0,97,NM,Honda,FitLX
385113,33,0,95,ND,Honda,FitEX
385180,15,0,56,HI,Honda,CR-ZLX
385218,55,0,51,WI,Honda,CR-Z3dr
385277,46,0,54,SC,Honda,CR-ZEX
385395,41,0,130,OK,Honda,InsightCVT
385564,53,0,132,Va,Honda,InsightEX
385690,38,0,132,NV,Honda,InsightEX
385889,52,0,51,VT,Honda,CR-Z3dr
385894,40,0,98,OH,Honda,FitManual
385998,38,0,51,NV,Honda,CR-Z3dr
386003,7,0,54,CT,Honda,CR-ZEX
386020,31,0,132,Md,Honda,InsightEX
386060,50,0,57,UT,Honda,CR-ZManual
386210,13,0,72,GA,Honda,CivicGX
386219,42,0,129,OR,Honda,InsightBase
386385,17,0,96,ID,Honda,FitEX-L
386386,46,0,132,SC,Honda,InsightEX
386492,18,0,130,IL,Honda,InsightCVT
386740,56,0,95,WV,Honda,FitEX
386832,23,0,132,MA,Honda,InsightEX
386865,38,0,133,NV,Honda,InsightLX
386907,18,0,98,IL,Honda,FitManual
386994,51,0,98,VA,Honda,FitManual
387007,1,0,99,AL,Honda,FitSport
387115,6,0,70,CO,Honda,CivicContinuously
387410,11,0,71,FL,Honda,CivicEX
387503,7,0,52,CT,Honda,CR-ZAutomatic
387587,14,0,51,Ga,Honda,CR-Z3dr
387624,16,0,128,IA,Honda,Insight5dr
387635,40,0,57,OH,Honda,CR-ZManual
387667,35,0,95,NH,Honda,FitEX
387727,25,0,53,ME,Honda,CR-ZCVT
387799,54,0,55,WA,Honda,CR-ZEX-L
388020,23,0,133,MA,Honda,InsightLX
388111,53,0,16,Va,Honda,Accord
388145,29,0,97,MS,Honda,FitLX
388169,46,0,99,SC,Honda,FitSport
388203,33,0,97,ND,Honda,FitLX
388288,52,0,92,VT,Honda,Fit
388295,3,0,98,AZ,Honda,FitManual
388408,19,0,133,IN,Honda,InsightLX
388410,20,0,132,KS,Honda,InsightEX
388571,3,0,51,AZ,Honda,CR-Z3dr
388653,28,0,99,MO,Honda,FitSport
388729,54,0,76,WA,Honda,CivicVP
388987,25,0,95,ME,Honda,FitEX
389232,6,0,99,CO,Honda,FitSport
389330,35,0,99,NH,Honda,FitSport
389358,19,0,96,IN,Honda,FitEX-L
389669,15,0,98,HI,Honda,FitManual
389968,24,0,51,MD,Honda,CR-Z3dr
389982,39,0,96,NY,Honda,FitEX-L
389995,30,0,51,MT,Honda,CR-Z3dr
390016,21,0,99,KY,Honda,FitSport
390207,50,0,51,UT,Honda,CR-Z3dr
390233,48,0,99,TN,Honda,FitSport
390301,27,0,96,MN,Honda,FitEX-L
390628,22,0,96,LA,Honda,FitEX-L
390783,30,0,95,MT,Honda,FitEX
390802,15,0,99,HI,Honda,FitSport
390818,18,0,73,IL,Honda,CivicLX
391186,46,0,94,SC,Honda,FitAutomatic
391191,52,0,97,VT,Honda,FitLX
391218,34,0,93,NE,Honda,Fit5dr
391866,57,0,93,WY,Honda,Fit5dr
391975,3,0,128,AZ,Honda,Insight5dr
392081,2,0,96,AR,Honda,FitEX-L
392256,48,0,73,TN,Honda,CivicLX
392654,28,0,94,MO,Honda,FitAutomatic
392869,2,0,94,AR,Honda,FitAutomatic
392885,23,0,96,MA,Honda,FitEX-L
392946,16,0,93,IA,Honda,Fit5dr
393285,36,0,73,NJ,Honda,CivicLX
393309,20,0,76,KS,Honda,CivicVP
393532,49,0,52,TX,Honda,CR-ZAutomatic
393787,3,0,96,AZ,Honda,FitEX-L
393808,34,0,96,NE,Honda,FitEX-L
394094,5,0,70,CA,Honda,CivicContinuously
394139,2,0,73,AR,Honda,CivicLX
394238,45,0,76,RI,Honda,CivicVP
394562,44,0,73,PA,Honda,CivicLX
394792,44,0,76,PA,Honda,CivicVP
395490,44,0,130,PA,Honda,InsightCVT
395656,36,0,71,NJ,Honda,CivicEX
395750,13,0,128,GA,Honda,Insight5dr
396007,7,0,73,CT,Honda,CivicLX
396146,11,0,76,FL,Honda,CivicVP
396706,54,0,96,WA,Honda,FitEX-L
397007,46,0,73,SC,Honda,CivicLX
397473,38,0,93,NV,Honda,Fit5dr
398197,27,0,98,MN,Honda,FitManual
398256,7,0,71,CT,Honda,CivicEX
398762,19,0,71,IN,Honda,CivicEX
398868,55,0,128,WI,Honda,Insight5dr
399484,53,0,45,Va,Honda,CR-VEX
399490,38,0,73,NV,Honda,CivicLX
399501,40,0,76,OH,Honda,CivicVP
399638,46,0,71,SC,Honda,CivicEX
399740,22,0,71,LA,Honda,CivicEX
400439,34,0,71,NE,Honda,CivicEX
400504,46,0,111,SC,Honda,HR-VLX
400718,45,0,45,RI,Honda,CR-VEX
400919,38,0,111,NV,Honda,HR-VLX
401147,42,0,76,OR,Honda,CivicVP
401415,32,0,111,NC,Honda,HR-VLX
401685,5,0,131,CA,Honda,InsightContinuously
401915,7,0,42,CT,Honda,CR-V2WD
402949,40,0,107,OH,Honda,HR-V2WD
403080,22,0,49,LA,Honda,CR-VSE
403119,51,0,111,VA,Honda,HR-VLX
403165,26,0,111,MI,Honda,HR-VLX
403168,31,0,42,Md,Honda,CR-V2WD
403184,44,0,111,PA,Honda,HR-VLX
403423,39,0,71,NY,Honda,CivicEX
403545,45,0,47,RI,Honda,CR-VLX
403791,28,0,109,MO,Honda,HR-VEX
403935,29,0,111,MS,Honda,HR-VLX
404114,44,0,71,PA,Honda,CivicEX
404120,17,0,42,ID,Honda,CR-V2WD
404125,17,0,93,ID,Honda,Fit5dr
404458,13,0,54,GA,Honda,CR-ZEX
404552,28,0,107,MO,Honda,HR-V2WD
404725,49,0,133,TX,Honda,InsightLX
405033,3,0,111,AZ,Honda,HR-VLX
405065,35,0,49,NH,Honda,CR-VSE
405182,46,0,76,SC,Honda,CivicVP
405214,58,0,42,ga,Honda,CR-V2WD
405309,37,0,47,NM,Honda,CR-VLX
405329,29,0,109,MS,Honda,HR-VEX
405664,52,0,45,VT,Honda,CR-VEX
405757,52,0,49,VT,Honda,CR-VSE
405763,17,0,108,ID,Honda,HR-VAWD
405927,26,0,107,MI,Honda,HR-V2WD
405956,56,0,49,WV,Honda,CR-VSE
405983,14,0,42,Ga,Honda,CR-V2WD
406011,30,0,107,MT,Honda,HR-V2WD
406157,18,0,41,IL,Honda,CR-V
406305,51,0,210,VA,Honda,Prelude2dr
406325,8,0,45,Ca,Honda,CR-VEX
406343,35,0,109,NH,Honda,HR-VEX
406693,27,0,107,MN,Honda,HR-V2WD
406739,27,0,71,MN,Honda,CivicEX
406944,51,0,109,VA,Honda,HR-VEX
407145,47,0,47,SD,Honda,CR-VLX
407169,16,0,47,IA,Honda,CR-VLX
407328,50,0,109,UT,Honda,HR-VEX
407409,48,0,109,TN,Honda,HR-VEX
407466,6,0,109,CO,Honda,HR-VEX
407521,58,0,43,ga,Honda,CR-V4WD
407593,40,0,86,OH,Honda,CrosstourEX
407677,30,0,45,MT,Honda,CR-VEX
407894,7,0,49,CT,Honda,CR-VSE
408097,25,0,108,ME,Honda,HR-VAWD
408143,37,0,107,NM,Honda,HR-V2WD
408327,21,0,71,KY,Honda,CivicEX
408349,53,0,46,Va,Honda,CR-VEX-L
408471,55,0,184,WI,Honda,OdysseyEX-RES
408638,23,0,99,MA,Honda,FitSport
408646,55,0,210,WI,Honda,Prelude2dr
408863,42,0,74,OR,Honda,CivicManual
408956,4,0,46,Az,Honda,CR-VEX-L
408979,50,0,86,UT,Honda,CrosstourEX
409090,13,0,109,GA,Honda,HR-VEX
409096,30,0,49,MT,Honda,CR-VSE
409181,36,0,109,NJ,Honda,HR-VEX
409321,50,0,110,UT,Honda,HR-VEX-L
409372,10,0,86,DE,Honda,CrosstourEX
409433,19,0,107,IN,Honda,HR-V2WD
409874,30,0,181,MT,Honda,Odyssey5dr
409877,54,0,210,WA,Honda,Prelude2dr
409987,42,0,55,OR,Honda,CR-ZEX-L
410131,12,0,107,Fl,Honda,HR-V2WD
410329,39,0,86,NY,Honda,CrosstourEX
410330,35,0,185,NH,Honda,OdysseyLX
410510,52,0,95,VT,Honda,FitEX
410639,46,0,129,SC,Honda,InsightBase
410644,46,0,108,SC,Honda,HR-VAWD
410765,17,0,185,ID,Honda,OdysseyLX
410969,28,0,184,MO,Honda,OdysseyEX-RES
410971,15,0,107,HI,Honda,HR-V2WD
411024,2,0,180,AR,Honda,Odyssey4dr
411072,42,0,86,OR,Honda,CrosstourEX
411075,46,0,185,SC,Honda,OdysseyLX
411089,37,0,109,NM,Honda,HR-VEX
411154,0,0,185,AK,Honda,OdysseyLX
411202,42,0,42,OR,Honda,CR-V2WD
411684,7,0,86,CT,Honda,CrosstourEX
411698,40,0,110,OH,Honda,HR-VEX-L
411705,35,0,130,NH,Honda,InsightCVT
411745,42,0,210,OR,Honda,Prelude2dr
411878,51,0,184,VA,Honda,OdysseyEX-RES
411937,18,0,129,IL,Honda,InsightBase
412000,52,0,185,VT,Honda,OdysseyLX
412039,37,0,51,NM,Honda,CR-Z3dr
412049,0,0,182,AK,Honda,OdysseyEX
412114,41,0,93,OK,Honda,Fit5dr
412121,46,0,110,SC,Honda,HR-VEX-L
412165,28,0,86,MO,Honda,CrosstourEX
412188,35,0,182,NH,Honda,OdysseyEX
412240,17,0,254,ID,Honda,RidgelineSport
412244,35,0,181,NH,Honda,Odyssey5dr
412361,44,0,110,PA,Honda,HR-VEX-L
412390,16,0,185,IA,Honda,OdysseyLX
412429,25,0,185,ME,Honda,OdysseyLX
412508,43,0,180,Oh,Honda,Odyssey4dr
412512,19,0,110,IN,Honda,HR-VEX-L
412528,52,0,181,VT,Honda,Odyssey5dr
412539,21,0,108,KY,Honda,HR-VAWD
412575,22,0,248,LA,Honda,RidgelineRT
412588,7,0,110,CT,Honda,HR-VEX-L
412767,24,0,57,MD,Honda,CR-ZManual
412811,24,0,110,MD,Honda,HR-VEX-L
412817,48,0,248,TN,Honda,RidgelineRT
412971,22,0,43,LA,Honda,CR-V4WD
412988,20,0,108,KS,Honda,HR-VAWD
413068,6,0,184,CO,Honda,OdysseyEX-RES
413140,47,0,93,SD,Honda,Fit5dr
413156,55,0,86,WI,Honda,CrosstourEX
413164,12,0,181,Fl,Honda,Odyssey5dr
413189,56,0,46,WV,Honda,CR-VEX-L
413194,21,0,98,KY,Honda,FitManual
413286,10,0,203,DE,Honda,Pilot2WD
413295,45,0,180,RI,Honda,Odyssey4dr
413307,38,0,87,NV,Honda,CrosstourEX-L
413339,57,0,46,WY,Honda,CR-VEX-L
413476,5,0,184,CA,Honda,OdysseyEX-RES
413726,18,0,211,IL,Honda,PreludeAutomatic
413772,51,0,133,VA,Honda,InsightLX
413876,48,0,86,TN,Honda,CrosstourEX
413894,50,0,253,UT,Honda,RidgelineSE
414008,1,0,207,AL,Honda,PilotLX
414301,52,0,182,VT,Honda,OdysseyEX
414317,22,0,187,LA,Honda,OdysseySE
414353,46,0,207,SC,Honda,PilotLX
414403,16,0,87,IA,Honda,CrosstourEX-L
414483,55,0,248,WI,Honda,RidgelineRT
414492,32,0,210,NC,Honda,Prelude2dr
414503,15,0,252,HI,Honda,RidgelineRTS
414523,51,0,252,VA,Honda,RidgelineRTS
414656,44,0,89,PA,Honda,Element2WD
414674,32,0,128,NC,Honda,Insight5dr
414761,54,0,132,WA,Honda,InsightEX
414782,17,0,180,ID,Honda,Odyssey4dr
414807,12,0,246,Fl,Honda,Ridgeline4WD
414943,25,0,87,ME,Honda,CrosstourEX-L
414952,55,0,207,WI,Honda,PilotLX
415096,46,0,89,SC,Honda,Element2WD
415147,29,0,207,MS,Honda,PilotLX
415197,28,0,254,MO,Honda,RidgelineSport
415220,34,0,189,NE,Honda,Passport4WD
415237,17,0,50,ID,Honda,CR-VTouring
415244,33,0,180,ND,Honda,Odyssey4dr
415266,10,0,205,DE,Honda,PilotEX
415314,15,0,133,HI,Honda,InsightLX
415332,29,0,86,MS,Honda,CrosstourEX
415359,18,0,186,IL,Honda,OdysseyMINI
415366,38,0,207,NV,Honda,PilotLX
415384,48,0,252,TN,Honda,RidgelineRTS
415423,12,0,182,Fl,Honda,OdysseyEX
415531,5,0,248,CA,Honda,RidgelineRT
415599,53,0,50,Va,Honda,CR-VTouring
415741,46,0,90,SC,Honda,Element4WD
415768,47,0,246,SD,Honda,Ridgeline4WD
415975,41,0,128,OK,Honda,Insight5dr
416058,27,0,187,MN,Honda,OdysseySE
416210,19,0,89,IN,Honda,Element2WD
416309,43,0,181,Oh,Honda,Odyssey5dr
416321,21,0,254,KY,Honda,RidgelineSport
416329,40,0,248,OH,Honda,RidgelineRT
416377,20,0,50,KS,Honda,CR-VTouring
416401,37,0,182,NM,Honda,OdysseyEX
416419,45,0,248,RI,Honda,RidgelineRT
416563,23,0,75,MA,Honda,CivicSi
416683,28,0,89,MO,Honda,Element2WD
416712,52,0,246,VT,Honda,Ridgeline4WD
416899,12,0,50,Fl,Honda,CR-VTouring
416996,7,0,252,CT,Honda,RidgelineRTS
417153,17,0,208,ID,Honda,PilotSE
417244,1,0,254,AL,Honda,RidgelineSport
417307,40,0,252,OH,Honda,RidgelineRTS
417350,30,0,249,MT,Honda,RidgelineRTL
417353,52,0,207,VT,Honda,PilotLX
417433,15,0,90,HI,Honda,Element4WD
417439,6,0,185,CO,Honda,OdysseyLX
417440,20,0,254,KS,Honda,RidgelineSport
417483,6,0,253,CO,Honda,RidgelineSE
417549,39,0,252,NY,Honda,RidgelineRTS
417609,10,0,87,DE,Honda,CrosstourEX-L
417700,47,0,181,SD,Honda,Odyssey5dr
417730,48,0,185,TN,Honda,OdysseyLX
417740,16,0,187,IA,Honda,OdysseySE
417817,36,0,86,NJ,Honda,CrosstourEX
417860,0,0,203,AK,Honda,Pilot2WD
417954,3,0,248,AZ,Honda,RidgelineRT
417997,19,0,248,IN,Honda,RidgelineRT
418016,55,0,252,WI,Honda,RidgelineRTS
418038,41,0,180,OK,Honda,Odyssey4dr
418049,18,0,252,IL,Honda,RidgelineRTS
418135,54,0,44,WA,Honda,CR-VAutomatic
418158,41,0,254,OK,Honda,RidgelineSport
418165,26,0,94,MI,Honda,FitAutomatic
418214,25,0,254,ME,Honda,RidgelineSport
418270,7,0,254,CT,Honda,RidgelineSport
418311,36,0,253,NJ,Honda,RidgelineSE
418401,0,0,207,AK,Honda,PilotLX
418407,10,0,208,DE,Honda,PilotSE
418459,35,0,207,NH,Honda,PilotLX
418625,20,0,207,KS,Honda,PilotLX
418631,1,0,252,AL,Honda,RidgelineRTS
418696,34,0,90,NE,Honda,Element4WD
418796,28,0,203,MO,Honda,Pilot2WD
418814,35,0,187,NH,Honda,OdysseySE
418849,20,0,205,KS,Honda,PilotEX
418954,28,0,90,MO,Honda,Element4WD
419085,7,0,205,CT,Honda,PilotEX
419148,48,0,74,TN,Honda,CivicManual
419159,37,0,90,NM,Honda,Element4WD
419227,36,0,254,NJ,Honda,RidgelineSport
419305,29,0,205,MS,Honda,PilotEX
419472,55,0,71,WI,Honda,CivicEX
419479,56,0,205,WV,Honda,PilotEX
419503,25,0,93,ME,Honda,Fit5dr
419513,16,0,252,IA,Honda,RidgelineRTS
419543,21,0,182,KY,Honda,OdysseyEX
419551,22,0,246,LA,Honda,Ridgeline4WD
419588,32,0,76,NC,Honda,CivicVP
419593,35,0,252,NH,Honda,RidgelineRTS
419634,55,0,254,WI,Honda,RidgelineSport
419658,38,0,246,NV,Honda,Ridgeline4WD
419697,32,0,187,NC,Honda,OdysseySE
419748,15,0,254,HI,Honda,RidgelineSport
419819,37,0,208,NM,Honda,PilotSE
419844,26,0,187,MI,Honda,OdysseySE
419956,23,0,187,MA,Honda,OdysseySE
419979,26,0,75,MI,Honda,CivicSi
420200,38,0,89,NV,Honda,Element2WD
420201,4,0,181,Az,Honda,Odyssey5dr
420276,24,0,253,MD,Honda,RidgelineSE
420319,38,0,90,NV,Honda,Element4WD
420330,51,0,253,VA,Honda,RidgelineSE
420333,30,0,50,MT,Honda,CR-VTouring
420341,2,0,208,AR,Honda,PilotSE
420425,57,0,87,WY,Honda,CrosstourEX-L
420619,13,0,48,GA,Honda,CR-VONE
420622,38,0,208,NV,Honda,PilotSE
420729,42,0,187,OR,Honda,OdysseySE
420811,49,0,251,TX,Honda,RidgelineRTL-T
420863,1,0,187,AL,Honda,OdysseySE
420894,34,0,248,NE,Honda,RidgelineRT
420984,33,0,208,ND,Honda,PilotSE
421092,19,0,75,IN,Honda,CivicSi
421178,44,0,252,PA,Honda,RidgelineRTS
421197,16,0,90,IA,Honda,Element4WD
421491,16,0,205,IA,Honda,PilotEX
421600,25,0,249,ME,Honda,RidgelineRTL
421635,28,0,187,MO,Honda,OdysseySE
421817,20,0,187,KS,Honda,OdysseySE
421883,57,0,205,WY,Honda,PilotEX
421910,15,0,207,HI,Honda,PilotLX
421983,52,0,208,VT,Honda,PilotSE
421993,0,0,42,AK,Honda,CR-V2WD
422028,12,0,253,Fl,Honda,RidgelineSE
422051,12,0,208,Fl,Honda,PilotSE
422071,45,0,209,RI,Honda,PilotTouring
422185,46,0,253,SC,Honda,RidgelineSE
422199,48,0,187,TN,Honda,OdysseySE
422200,2,0,90,AR,Honda,Element4WD
422212,22,0,89,LA,Honda,Element2WD
422270,34,0,205,NE,Honda,PilotEX
422281,15,0,46,HI,Honda,CR-VEX-L
422338,6,0,86,CO,Honda,CrosstourEX
422405,45,0,206,RI,Honda,PilotEX-L
422504,30,0,188,MT,Honda,OdysseyTouring
422527,38,0,253,NV,Honda,RidgelineSE
422538,21,0,187,KY,Honda,OdysseySE
422584,15,0,73,HI,Honda,CivicLX
422597,29,0,253,MS,Honda,RidgelineSE
422653,47,0,206,SD,Honda,PilotEX-L
422745,37,0,93,NM,Honda,Fit5dr
422863,55,0,249,WI,Honda,RidgelineRTL
422906,56,0,188,WV,Honda,OdysseyTouring
422987,7,0,187,CT,Honda,OdysseySE
423063,57,0,180,WY,Honda,Odyssey4dr
423210,41,0,251,OK,Honda,RidgelineRTL-T
423290,27,0,253,MN,Honda,RidgelineSE
423344,56,0,108,WV,Honda,HR-VAWD
423483,26,0,249,MI,Honda,RidgelineRTL
423493,24,0,251,MD,Honda,RidgelineRTL-T
423512,50,0,90,UT,Honda,Element4WD
423581,19,0,253,IN,Honda,RidgelineSE
423684,48,0,253,TN,Honda,RidgelineSE
423719,29,0,264,MS,Honda,S2000Manual
423759,36,0,251,NJ,Honda,RidgelineRTL-T
423789,5,0,253,CA,Honda,RidgelineSE
423860,46,0,249,SC,Honda,RidgelineRTL
423950,41,0,253,OK,Honda,RidgelineSE
423968,50,0,264,UT,Honda,S2000Manual
423990,21,0,249,KY,Honda,RidgelineRTL
424019,35,0,180,NH,Honda,Odyssey4dr
424213,56,0,253,WV,Honda,RidgelineSE
424300,12,0,49,Fl,Honda,CR-VSE
424388,32,0,253,NC,Honda,RidgelineSE
424440,53,0,209,Va,Honda,PilotTouring
424469,29,0,182,MS,Honda,OdysseyEX
424511,12,0,188,Fl,Honda,OdysseyTouring
424610,23,0,263,MA,Honda,S20002dr
424676,19,0,111,IN,Honda,HR-VLX
424779,23,0,111,MA,Honda,HR-VLX
424796,17,0,205,ID,Honda,PilotEX
424897,6,0,251,CO,Honda,RidgelineRTL-T
424971,6,0,74,CO,Honda,CivicManual
425026,41,0,210,OK,Honda,Prelude2dr
425050,23,0,251,MA,Honda,RidgelineRTL-T
425067,3,0,179,AZ,Honda,Odyssey2005
425147,48,0,263,TN,Honda,S20002dr
425170,25,0,188,ME,Honda,OdysseyTouring
425192,51,0,263,VA,Honda,S20002dr
425241,44,0,42,PA,Honda,CR-V2WD
425263,57,0,188,WY,Honda,OdysseyTouring
425310,46,0,263,SC,Honda,S20002dr
425311,23,0,253,MA,Honda,RidgelineSE
425349,12,0,209,Fl,Honda,PilotTouring
425352,6,0,187,CO,Honda,OdysseySE
425430,47,0,209,SD,Honda,PilotTouring
425491,19,0,251,IN,Honda,RidgelineRTL-T
425529,44,0,253,PA,Honda,RidgelineSE
425549,55,0,247,WI,Honda,RidgelineBlack
425670,57,0,264,WY,Honda,S2000Manual
425775,33,0,188,ND,Honda,OdysseyTouring
425914,30,0,180,MT,Honda,Odyssey4dr
425929,18,0,263,IL,Honda,S20002dr
425959,39,0,250,NY,Honda,RidgelineRTL-E
425992,52,0,209,VT,Honda,PilotTouring
426022,28,0,263,MO,Honda,S20002dr
426050,37,0,49,NM,Honda,CR-VSE
426085,42,0,251,OR,Honda,RidgelineRTL-T
426087,30,0,108,MT,Honda,HR-VAWD
426217,10,0,188,DE,Honda,OdysseyTouring
426224,13,0,247,GA,Honda,RidgelineBlack
426228,15,0,89,HI,Honda,Element2WD
426285,18,0,248,IL,Honda,RidgelineRT
426292,26,0,89,MI,Honda,Element2WD
426403,7,0,109,CT,Honda,HR-VEX
426453,27,0,86,MN,Honda,CrosstourEX
426560,20,0,263,KS,Honda,S20002dr
426587,1,0,264,AL,Honda,S2000Manual
426590,21,0,247,KY,Honda,RidgelineBlack
426612,22,0,264,LA,Honda,S2000Manual
426696,51,0,247,VA,Honda,RidgelineBlack
426829,36,0,247,NJ,Honda,RidgelineBlack
426857,48,0,264,TN,Honda,S2000Manual
426899,29,0,247,MS,Honda,RidgelineBlack
427029,44,0,247,PA,Honda,RidgelineBlack
427074,31,0,203,Md,Honda,Pilot2WD
427131,27,0,247,MN,Honda,RidgelineBlack
427153,52,0,188,VT,Honda,OdysseyTouring
427172,7,0,250,CT,Honda,RidgelineRTL-E
427210,37,0,209,NM,Honda,PilotTouring
427276,24,0,250,MD,Honda,RidgelineRTL-E
427301,37,0,246,NM,Honda,Ridgeline4WD
427341,49,0,247,TX,Honda,RidgelineBlack
427349,1,0,185,AL,Honda,OdysseyLX
427366,49,0,250,TX,Honda,RidgelineRTL-E
427384,47,0,183,SD,Honda,OdysseyEX-L
427391,57,0,206,WY,Honda,PilotEX-L
427399,19,0,252,IN,Honda,RidgelineRTS
427422,27,0,250,MN,Honda,RidgelineRTL-E
427430,50,0,89,UT,Honda,Element2WD
427466,34,0,264,NE,Honda,S2000Manual
427474,30,0,185,MT,Honda,OdysseyLX
427541,15,0,97,HI,Honda,FitLX
427583,26,0,207,MI,Honda,PilotLX
427682,52,0,203,VT,Honda,Pilot2WD
427796,22,0,90,LA,Honda,Element4WD
427798,0,0,205,AK,Honda,PilotEX
427830,24,0,254,MD,Honda,RidgelineSport
427902,45,0,207,RI,Honda,PilotLX
427910,43,0,207,Oh,Honda,PilotLX
427937,2,0,254,AR,Honda,RidgelineSport
427943,30,0,99,MT,Honda,FitSport
427964,55,0,203,WI,Honda,Pilot2WD
428043,18,0,254,IL,Honda,RidgelineSport
428056,29,0,181,MS,Honda,Odyssey5dr
428078,19,0,254,IN,Honda,RidgelineSport
428196,1,0,89,AL,Honda,Element2WD
428238,3,0,254,AZ,Honda,RidgelineSport
428283,34,0,182,NE,Honda,OdysseyEX
428335,13,0,202,GA,Honda,Pilot
428366,29,0,254,MS,Honda,RidgelineSport
428392,46,0,252,SC,Honda,RidgelineRTS
428566,0,0,249,AK,Honda,RidgelineRTL
428588,27,0,90,MN,Honda,Element4WD
428761,57,0,249,WY,Honda,RidgelineRTL
428850,29,0,71,MS,Honda,CivicEX
428963,21,0,250,KY,Honda,RidgelineRTL-E
428971,20,0,90,KS,Honda,Element4WD
429026,26,0,263,MI,Honda,S20002dr
429028,15,0,263,HI,Honda,S20002dr
429033,29,0,250,MS,Honda,RidgelineRTL-E
429060,54,0,263,WA,Honda,S20002dr
631899,52,1,19,VT,Nissan,Altima2dr
632751,51,1,18,VA,Nissan,Altima2017.5
633519,57,1,269,WY,Nissan,SentraS
633655,37,1,336,NM,Nissan,VersaSL
634262,53,1,22,Va,Nissan,AltimaCoupe
634653,28,1,267,MO,Nissan,SentraFE+
634760,53,1,269,Va,Nissan,SentraS
635045,20,1,335,KS,Nissan,VersaS
635340,27,1,18,MN,Nissan,Altima2017.5
635644,25,1,19,ME,Nissan,Altima2dr
635677,33,1,272,ND,Nissan,SentraSV
635897,15,1,22,HI,Nissan,AltimaCoupe
636278,32,1,22,NC,Nissan,AltimaCoupe
636362,45,1,267,RI,Nissan,SentraFE+
636614,17,1,336,ID,Nissan,VersaSL
637566,31,1,17,Md,Nissan,Altima2.5
637580,30,1,266,MT,Nissan,Sentra4dr
637986,10,1,22,DE,Nissan,AltimaCoupe
638121,30,1,272,MT,Nissan,SentraSV
638582,17,1,19,ID,Nissan,Altima2dr
638608,53,1,17,Va,Nissan,Altima2.5
638709,45,1,22,RI,Nissan,AltimaCoupe
639210,25,1,271,ME,Nissan,SentraSR
639214,17,1,269,ID,Nissan,SentraS
639328,15,1,336,HI,Nissan,VersaSL
639349,0,1,271,AK,Nissan,SentraSR
639536,0,1,23,AK,Nissan,AltimaSedan
640374,58,1,22,ga,Nissan,AltimaCoupe
640850,57,1,23,WY,Nissan,AltimaSedan
640869,37,1,22,NM,Nissan,AltimaCoupe
641190,4,1,17,Az,Nissan,Altima2.5
641494,33,1,255,ND,Nissan,Rogue
641767,58,1,23,ga,Nissan,AltimaSedan
641826,56,1,22,WV,Nissan,AltimaCoupe
641828,2,1,18,AR,Nissan,Altima2017.5
641834,48,1,18,TN,Nissan,Altima2017.5
642048,33,1,23,ND,Nissan,AltimaSedan
642270,16,1,332,IA,Nissan,Versa1.6
642451,34,1,267,NE,Nissan,SentraFE+
643798,40,1,336,OH,Nissan,VersaSL
644069,51,1,268,VA,Nissan,SentraNISMO
644088,16,1,337,IA,Nissan,VersaSV
644590,22,1,267,LA,Nissan,SentraFE+
644684,12,1,335,Fl,Nissan,VersaS
644845,27,1,332,MN,Nissan,Versa1.6
644892,10,1,20,DE,Nissan,Altima3.5
645020,26,1,19,MI,Nissan,Altima2dr
645082,21,1,22,KY,Nissan,AltimaCoupe
645204,57,1,21,WY,Nissan,Altima4dr
645759,27,1,267,MN,Nissan,SentraFE+
645876,25,1,266,ME,Nissan,Sentra4dr
646040,4,1,267,Az,Nissan,SentraFE+
646174,12,1,255,Fl,Nissan,Rogue
646750,55,1,22,WI,Nissan,AltimaCoupe
647009,11,1,265,FL,Nissan,Sentra
647164,42,1,19,OR,Nissan,Altima2dr
647353,3,1,22,AZ,Nissan,AltimaCoupe
647537,33,1,150,ND,Nissan,Maxima3.5
647637,43,1,20,Oh,Nissan,Altima3.5
648121,25,1,267,ME,Nissan,SentraFE+
648194,3,1,163,AZ,Nissan,MuranoLE
648924,16,1,19,IA,Nissan,Altima2dr
649342,23,1,22,MA,Nissan,AltimaCoupe
649693,17,1,255,ID,Nissan,Rogue
649729,1,1,18,AL,Nissan,Altima2017.5
649990,34,1,22,NE,Nissan,AltimaCoupe
650053,24,1,336,MD,Nissan,VersaSL
650130,50,1,22,UT,Nissan,AltimaCoupe
650134,53,1,21,Va,Nissan,Altima4dr
650179,44,1,336,PA,Nissan,VersaSL
650183,46,1,267,SC,Nissan,SentraFE+
650914,29,1,22,MS,Nissan,AltimaCoupe
651373,19,1,336,IN,Nissan,VersaSL
651705,0,1,334,AK,Nissan,Versa5dr
652164,33,1,337,ND,Nissan,VersaSV
652278,50,1,336,UT,Nissan,VersaSL
652318,21,1,18,KY,Nissan,Altima2017.5
652512,35,1,336,NH,Nissan,VersaSL
652731,36,1,164,NJ,Nissan,MuranoS
652784,34,1,271,NE,Nissan,SentraSR
652862,35,1,332,NH,Nissan,Versa1.6
653048,56,1,150,WV,Nissan,Maxima3.5
653213,2,1,19,AR,Nissan,Altima2dr
653293,26,1,151,MI,Nissan,Maxima4dr
653472,23,1,333,MA,Nissan,Versa4dr
653546,26,1,266,MI,Nissan,Sentra4dr
653832,17,1,154,ID,Nissan,MaximaSL
653840,38,1,163,NV,Nissan,MuranoLE
653948,17,1,155,ID,Nissan,MaximaSR
654090,45,1,159,RI,Nissan,Murano2WD
654107,45,1,332,RI,Nissan,Versa1.6
654239,45,1,154,RI,Nissan,MaximaSL
654251,16,1,266,IA,Nissan,Sentra4dr
654305,35,1,164,NH,Nissan,MuranoS
654441,35,1,160,NH,Nissan,Murano4dr
654461,29,1,267,MS,Nissan,SentraFE+
654618,56,1,166,WV,Nissan,MuranoSV
654749,26,1,270,MI,Nissan,SentraSL
654883,7,1,336,CT,Nissan,VersaSL
654973,35,1,156,NH,Nissan,MaximaSV
654981,34,1,153,NE,Nissan,MaximaS
655080,28,1,18,MO,Nissan,Altima2017.5
655126,10,1,266,DE,Nissan,Sentra4dr
655216,52,1,160,VT,Nissan,Murano4dr
655266,38,1,336,NV,Nissan,VersaSL
655308,13,1,169,GA,Nissan,NV200
655341,44,1,141,PA,Nissan,LEAF4dr
655441,48,1,144,TN,Nissan,LEAFSV
655570,56,1,165,WV,Nissan,MuranoSL
655706,41,1,155,OK,Nissan,MaximaSR
655770,35,1,19,NH,Nissan,Altima2dr
655916,46,1,333,SC,Nissan,Versa4dr
655926,16,1,20,IA,Nissan,Altima3.5
656024,54,1,22,WA,Nissan,AltimaCoupe
656040,6,1,154,CO,Nissan,MaximaSL
656092,34,1,144,NE,Nissan,LEAFSV
656277,57,1,161,WY,Nissan,MuranoAWD
656520,45,1,166,RI,Nissan,MuranoSV
656571,23,1,166,MA,Nissan,MuranoSV
656668,7,1,153,CT,Nissan,MaximaS
656695,0,1,151,AK,Nissan,Maxima4dr
656726,34,1,164,NE,Nissan,MuranoS
656742,45,1,144,RI,Nissan,LEAFSV
656761,57,1,20,WY,Nissan,Altima3.5
656767,3,1,166,AZ,Nissan,MuranoSV
656784,47,1,332,SD,Nissan,Versa1.6
656786,13,1,18,GA,Nissan,Altima2017.5
656821,7,1,165,CT,Nissan,MuranoSL
656946,22,1,142,LA,Nissan,LEAFS
657001,26,1,169,MI,Nissan,NV200
657013,42,1,153,OR,Nissan,MaximaS
657153,28,1,141,MO,Nissan,LEAF4dr
657224,20,1,334,KS,Nissan,Versa5dr
657247,55,1,166,WI,Nissan,MuranoSV
657274,16,1,162,IA,Nissan,MuranoFWD
657401,55,1,142,WI,Nissan,LEAFS
657444,10,1,333,DE,Nissan,Versa4dr
657459,21,1,333,KY,Nissan,Versa4dr
657634,55,1,18,WI,Nissan,Altima2017.5
657653,22,1,18,LA,Nissan,Altima2017.5
657797,20,1,155,KS,Nissan,MaximaSR
657801,17,1,142,ID,Nissan,LEAFS
657861,16,1,142,IA,Nissan,LEAFS
657893,45,1,333,RI,Nissan,Versa4dr
657920,20,1,143,KS,Nissan,LEAFSL
657987,17,1,163,ID,Nissan,MuranoLE
658064,37,1,165,NM,Nissan,MuranoSL
658082,42,1,166,OR,Nissan,MuranoSV
658085,51,1,166,VA,Nissan,MuranoSV
658218,58,1,159,ga,Nissan,Murano2WD
658246,28,1,160,MO,Nissan,Murano4dr
658253,27,1,166,MN,Nissan,MuranoSV
658420,21,1,166,KY,Nissan,MuranoSV
658566,41,1,158,OK,Nissan,Murano2017.5
658749,35,1,159,NH,Nissan,Murano2WD
658774,51,1,165,VA,Nissan,MuranoSL
658897,52,1,266,VT,Nissan,Sentra4dr
658997,1,1,142,AL,Nissan,LEAFS
659143,25,1,155,ME,Nissan,MaximaSR
659151,35,1,153,NH,Nissan,MaximaS
659351,38,1,156,NV,Nissan,MaximaSV
659474,15,1,163,HI,Nissan,MuranoLE
659495,39,1,166,NY,Nissan,MuranoSV
659564,37,1,164,NM,Nissan,MuranoS
659671,36,1,166,NJ,Nissan,MuranoSV
660099,28,1,166,MO,Nissan,MuranoSV
660253,3,1,169,AZ,Nissan,NV200
660293,19,1,313,IN,Nissan,Titan2WD
660398,6,1,141,CO,Nissan,LEAF4dr
660531,33,1,160,ND,Nissan,Murano4dr
660557,34,1,156,NE,Nissan,MaximaSV
660614,16,1,333,IA,Nissan,Versa4dr
660631,13,1,318,GA,Nissan,TitanSingle
660644,46,1,153,SC,Nissan,MaximaS
660654,29,1,155,MS,Nissan,MaximaSR
660692,25,1,156,ME,Nissan,MaximaSV
660733,19,1,156,IN,Nissan,MaximaSV
660749,56,1,20,WV,Nissan,Altima3.5
660903,12,1,21,Fl,Nissan,Altima4dr
660919,38,1,155,NV,Nissan,MaximaSR
660988,29,1,258,MS,Nissan,RogueAWD
661005,27,1,143,MN,Nissan,LEAFSL
661006,37,1,154,NM,Nissan,MaximaSL
661390,21,1,160,KY,Nissan,Murano4dr
661622,37,1,166,NM,Nissan,MuranoSV
661624,53,1,331,Va,Nissan,Versa
661702,41,1,156,OK,Nissan,MaximaSV
661870,39,1,313,NY,Nissan,Titan2WD
662063,47,1,156,SD,Nissan,MaximaSV
662089,52,1,258,VT,Nissan,RogueAWD
662138,41,1,144,OK,Nissan,LEAFSV
662216,26,1,160,MI,Nissan,Murano4dr
662255,22,1,169,LA,Nissan,NV200
662444,34,1,162,NE,Nissan,MuranoFWD
662699,48,1,256,TN,Nissan,Rogue2017.5
662766,33,1,260,ND,Nissan,RogueS
662893,2,1,166,AR,Nissan,MuranoSV
663025,56,1,155,WV,Nissan,MaximaSR
663060,29,1,142,MS,Nissan,LEAFS
663082,12,1,331,Fl,Nissan,Versa
663095,25,1,259,ME,Nissan,RogueFWD
663171,56,1,258,WV,Nissan,RogueAWD
663285,24,1,318,MD,Nissan,TitanSingle
663333,2,1,165,AR,Nissan,MuranoSL
663639,52,1,262,VT,Nissan,RogueSV
663741,50,1,141,UT,Nissan,LEAF4dr
663896,17,1,156,ID,Nissan,MaximaSV
663911,2,1,163,AR,Nissan,MuranoLE
664007,48,1,158,TN,Nissan,Murano2017.5
664412,3,1,165,AZ,Nissan,MuranoSL
664472,22,1,165,LA,Nissan,MuranoSL
664526,36,1,191,NJ,Nissan,Pathfinder2WD
664586,16,1,165,IA,Nissan,MuranoSL
664613,19,1,144,IN,Nissan,LEAFSV
664733,39,1,259,NY,Nissan,RogueFWD
664946,38,1,144,NV,Nissan,LEAFSV
664956,55,1,155,WI,Nissan,MaximaSR
664971,31,1,262,Md,Nissan,RogueSV
664979,1,1,318,AL,Nissan,TitanSingle
665130,55,1,153,WI,Nissan,MaximaS
665156,15,1,316,HI,Nissan,TitanKing
665194,58,1,262,ga,Nissan,RogueSV
665198,19,1,160,IN,Nissan,Murano4dr
665337,36,1,268,NJ,Nissan,SentraNISMO
665478,24,1,143,MD,Nissan,LEAFSL
665548,36,1,158,NJ,Nissan,Murano2017.5
665573,29,1,333,MS,Nissan,Versa4dr
665721,40,1,226,OH,Nissan,QuestS
665837,27,1,259,MN,Nissan,RogueFWD
665925,51,1,169,VA,Nissan,NV200
665978,22,1,163,LA,Nissan,MuranoLE
666153,50,1,334,UT,Nissan,Versa5dr
666207,34,1,259,NE,Nissan,RogueFWD
666359,45,1,152,RI,Nissan,MaximaPlatinum
666378,27,1,104,MN,Nissan,FrontierKing
666468,32,1,163,NC,Nissan,MuranoLE
666521,37,1,259,NM,Nissan,RogueFWD
666537,20,1,256,KS,Nissan,Rogue2017.5
666573,20,1,163,KS,Nissan,MuranoLE
666586,12,1,162,Fl,Nissan,MuranoFWD
666608,23,1,259,MA,Nissan,RogueFWD
666891,45,1,155,RI,Nissan,MaximaSR
667128,18,1,257,IL,Nissan,Rogue4DR
667427,37,1,141,NM,Nissan,LEAF4dr
667450,10,1,23,DE,Nissan,AltimaSedan
667498,19,1,143,IN,Nissan,LEAFSL
667527,7,1,256,CT,Nissan,Rogue2017.5
667690,35,1,226,NH,Nissan,QuestS
667830,2,1,223,AR,Nissan,Quest4dr
667864,27,1,101,MN,Nissan,Frontier2WD
667871,45,1,226,RI,Nissan,QuestS
667888,19,1,164,IN,Nissan,MuranoS
667978,1,1,164,AL,Nissan,MuranoS
668204,23,1,226,MA,Nissan,QuestS
668211,51,1,158,VA,Nissan,Murano2017.5
668243,55,1,0,WI,Nissan,350Z2dr
668307,41,1,136,OK,Nissan,JUKEFWD
668310,48,1,163,TN,Nissan,MuranoLE
668527,34,1,154,NE,Nissan,MaximaSL
668665,46,1,143,SC,Nissan,LEAFSL
668850,34,1,226,NE,Nissan,QuestS
668872,27,1,165,MN,Nissan,MuranoSL
668875,46,1,256,SC,Nissan,Rogue2017.5
668900,33,1,139,ND,Nissan,JUKESL
668909,30,1,270,MT,Nissan,SentraSL
668959,28,1,163,MO,Nissan,MuranoLE
669210,46,1,136,SC,Nissan,JUKEFWD
669270,17,1,228,ID,Nissan,QuestSV
669438,28,1,313,MO,Nissan,Titan2WD
669591,16,1,164,IA,Nissan,MuranoS
669618,10,1,228,DE,Nissan,QuestSV
669738,24,1,158,MD,Nissan,Murano2017.5
669812,54,1,226,WA,Nissan,QuestS
669948,23,1,256,MA,Nissan,Rogue2017.5
669978,26,1,338,MI,Nissan,Xterra2WD
670113,42,1,259,OR,Nissan,RogueFWD
670128,27,1,140,MN,Nissan,JUKESV
670135,40,1,163,OH,Nissan,MuranoLE
670182,36,1,162,NJ,Nissan,MuranoFWD
670254,48,1,143,TN,Nissan,LEAFSL
670263,30,1,199,MT,Nissan,PathfinderSL
670308,27,1,163,MN,Nissan,MuranoLE
670385,8,1,161,Ca,Nissan,MuranoAWD
670445,50,1,358,UT,Nissan,cubeS
670492,35,1,228,NH,Nissan,QuestSV
670518,30,1,155,MT,Nissan,MaximaSR
670710,2,1,160,AR,Nissan,Murano4dr
670778,11,1,317,FL,Nissan,TitanSE
670936,45,1,197,RI,Nissan,PathfinderS
671011,25,1,192,ME,Nissan,Pathfinder4WD
671152,37,1,143,NM,Nissan,LEAFSL
671179,6,1,105,CO,Nissan,FrontierS
671370,2,1,225,AR,Nissan,QuestPlatinum
671401,26,1,138,MI,Nissan,JUKES
671405,52,1,223,VT,Nissan,Quest4dr
671431,56,1,151,WV,Nissan,Maxima4dr
671473,37,1,316,NM,Nissan,TitanKing
671539,23,1,316,MA,Nissan,TitanKing
671554,37,1,339,NM,Nissan,Xterra4WD
671594,22,1,225,LA,Nissan,QuestPlatinum
671605,16,1,155,IA,Nissan,MaximaSR
671766,52,1,261,VT,Nissan,RogueSL
671821,13,1,194,GA,Nissan,PathfinderHybrid
671901,36,1,225,NJ,Nissan,QuestPlatinum
671937,22,1,316,LA,Nissan,TitanKing
671977,10,1,152,DE,Nissan,MaximaPlatinum
671996,52,1,260,VT,Nissan,RogueS
672034,57,1,223,WY,Nissan,Quest4dr
672080,34,1,0,NE,Nissan,350Z2dr
672146,44,1,163,PA,Nissan,MuranoLE
672206,6,1,190,CO,Nissan,Pathfinder
672243,26,1,223,MI,Nissan,Quest4dr
672304,42,1,138,OR,Nissan,JUKES
672306,22,1,158,LA,Nissan,Murano2017.5
672341,36,1,201,NJ,Nissan,PathfinderXE
672377,30,1,165,MT,Nissan,MuranoSL
672440,2,1,154,AR,Nissan,MaximaSL
672466,30,1,150,MT,Nissan,Maxima3.5
672505,18,1,158,IL,Nissan,Murano2017.5
672574,40,1,338,OH,Nissan,Xterra2WD
672622,1,1,140,AL,Nissan,JUKESV
672648,18,1,343,IL,Nissan,XterraX
672657,16,1,340,IA,Nissan,Xterra4dr
672769,7,1,198,CT,Nissan,PathfinderSE
672973,41,1,336,OK,Nissan,VersaSL
673031,38,1,359,NV,Nissan,cubeSL
673078,15,1,228,HI,Nissan,QuestSV
673355,45,1,357,RI,Nissan,cube5dr
673432,22,1,343,LA,Nissan,XterraX
673446,1,1,336,AL,Nissan,VersaSL
673528,20,1,0,KS,Nissan,350Z2dr
673631,28,1,340,MO,Nissan,Xterra4dr
673661,19,1,338,IN,Nissan,Xterra2WD
673750,1,1,358,AL,Nissan,cubeS
673930,16,1,100,IA,Nissan,Frontier
674028,24,1,195,MD,Nissan,PathfinderLE
674044,45,1,170,RI,Nissan,NV200S
674206,20,1,316,KS,Nissan,TitanKing
674275,26,1,170,MI,Nissan,NV200S
674299,54,1,256,WA,Nissan,Rogue2017.5
674319,24,1,340,MD,Nissan,Xterra4dr
674324,44,1,313,PA,Nissan,Titan2WD
674378,12,1,200,Fl,Nissan,PathfinderSV
674408,15,1,197,HI,Nissan,PathfinderS
674416,25,1,104,ME,Nissan,FrontierKing
674478,17,1,160,ID,Nissan,Murano4dr
674572,3,1,256,AZ,Nissan,Rogue2017.5
674581,28,1,338,MO,Nissan,Xterra2WD
674766,6,1,343,CO,Nissan,XterraX
674876,20,1,140,KS,Nissan,JUKESV
674898,3,1,158,AZ,Nissan,Murano2017.5
674970,7,1,157,CT,Nissan,Murano
675091,42,1,340,OR,Nissan,Xterra4dr
675143,52,1,140,VT,Nissan,JUKESV
675176,10,1,332,DE,Nissan,Versa1.6
675268,40,1,359,OH,Nissan,cubeSL
675288,26,1,228,MI,Nissan,QuestSV
675414,38,1,313,NV,Nissan,Titan2WD
675486,15,1,30,HI,Nissan,ArmadaSE
675500,10,1,140,DE,Nissan,JUKESV
675623,18,1,318,IL,Nissan,TitanSingle
675772,18,1,338,IL,Nissan,Xterra2WD
675782,42,1,313,OR,Nissan,Titan2WD
675796,34,1,318,NE,Nissan,TitanSingle
675844,7,1,224,CT,Nissan,QuestLE
676006,25,1,342,ME,Nissan,XterraS
676017,14,1,261,Ga,Nissan,RogueSL
676127,55,1,198,WI,Nissan,PathfinderSE
676177,46,1,192,SC,Nissan,Pathfinder4WD
676232,25,1,226,ME,Nissan,QuestS
676246,46,1,342,SC,Nissan,XterraS
676342,32,1,136,NC,Nissan,JUKEFWD
676418,14,1,343,Ga,Nissan,XterraX
676639,34,1,343,NE,Nissan,XterraX
676791,45,1,342,RI,Nissan,XterraS
676826,6,1,201,CO,Nissan,PathfinderXE
676975,40,1,343,OH,Nissan,XterraX
677006,1,1,256,AL,Nissan,Rogue2017.5
677068,41,1,338,OK,Nissan,Xterra2WD
677089,30,1,338,MT,Nissan,Xterra2WD
677098,6,1,135,CO,Nissan,JUKEAWD
677122,37,1,195,NM,Nissan,PathfinderLE
677197,33,1,197,ND,Nissan,PathfinderS
677259,54,1,135,WA,Nissan,JUKEAWD
677306,16,1,314,IA,Nissan,Titan4WD
677313,39,1,30,NY,Nissan,ArmadaSE
677340,15,1,152,HI,Nissan,MaximaPlatinum
677385,12,1,137,Fl,Nissan,JUKENISMO
677471,17,1,192,ID,Nissan,Pathfinder4WD
677517,7,1,318,CT,Nissan,TitanSingle
677563,17,1,138,ID,Nissan,JUKES
677569,50,1,227,UT,Nissan,QuestSL
677583,54,1,358,WA,Nissan,cubeS
677593,45,1,314,RI,Nissan,Titan4WD
677706,32,1,194,NC,Nissan,PathfinderHybrid
677868,48,1,225,TN,Nissan,QuestPlatinum
677910,35,1,100,NH,Nissan,Frontier
677966,55,1,135,WI,Nissan,JUKEAWD
677988,57,1,134,WY,Nissan,JUKE5dr
677997,29,1,256,MS,Nissan,Rogue2017.5
678056,40,1,198,OH,Nissan,PathfinderSE
678091,37,1,162,NM,Nissan,MuranoFWD
678189,17,1,162,ID,Nissan,MuranoFWD
678221,29,1,158,MS,Nissan,Murano2017.5
678273,27,1,256,MN,Nissan,Rogue2017.5
678279,21,1,101,KY,Nissan,Frontier2WD
678332,56,1,228,WV,Nissan,QuestSV
678377,16,1,140,IA,Nissan,JUKESV
678416,25,1,134,ME,Nissan,JUKE5dr
678520,17,1,197,ID,Nissan,PathfinderS
678552,18,1,341,IL,Nissan,XterraPRO-4X
678580,13,1,158,GA,Nissan,Murano2017.5
678591,28,1,358,MO,Nissan,cubeS
678600,36,1,135,NJ,Nissan,JUKEAWD
678654,16,1,138,IA,Nissan,JUKES
678694,28,1,170,MO,Nissan,NV200S
678710,16,1,198,IA,Nissan,PathfinderSE
678727,13,1,224,GA,Nissan,QuestLE
678814,55,1,170,WI,Nissan,NV200S
678869,7,1,175,CT,Nissan,NVP3500
678964,3,1,157,AZ,Nissan,Murano
679021,19,1,342,IN,Nissan,XterraS
679031,28,1,30,MO,Nissan,ArmadaSE
679064,2,1,357,AR,Nissan,cube5dr
679074,34,1,357,NE,Nissan,cube5dr
679096,34,1,139,NE,Nissan,JUKESL
679120,52,1,342,VT,Nissan,XterraS
679126,34,1,256,NE,Nissan,Rogue2017.5
679179,23,1,227,MA,Nissan,QuestSL
679216,3,1,358,AZ,Nissan,cubeS
679240,29,1,138,MS,Nissan,JUKES
679257,30,1,261,MT,Nissan,RogueSL
679399,28,1,195,MO,Nissan,PathfinderLE
679534,7,1,313,CT,Nissan,Titan2WD
679556,40,1,170,OH,Nissan,NV200S
679712,35,1,137,NH,Nissan,JUKENISMO
679730,20,1,227,KS,Nissan,QuestSL
679817,26,1,134,MI,Nissan,JUKE5dr
679877,48,1,195,TN,Nissan,PathfinderLE
679905,50,1,135,UT,Nissan,JUKEAWD
679966,32,1,190,NC,Nissan,Pathfinder
679973,23,1,135,MA,Nissan,JUKEAWD
680044,41,1,157,OK,Nissan,Murano
680068,39,1,190,NY,Nissan,Pathfinder
680077,17,1,342,ID,Nissan,XterraS
680431,52,1,139,VT,Nissan,JUKESL
680445,5,1,30,CA,Nissan,ArmadaSE
680500,55,1,171,WI,Nissan,NV200SV
680589,29,1,170,MS,Nissan,NV200S
680637,2,1,224,AR,Nissan,QuestLE
680664,22,1,358,LA,Nissan,cubeS
680742,36,1,357,NJ,Nissan,cube5dr
680871,9,1,340,DC,Nissan,Xterra4dr
680930,45,1,199,RI,Nissan,PathfinderSL
681044,47,1,255,SD,Nissan,Rogue
681071,2,1,313,AR,Nissan,Titan2WD
681082,3,1,359,AZ,Nissan,cubeSL
681097,56,1,342,WV,Nissan,XterraS
681181,30,1,223,MT,Nissan,Quest4dr
681216,44,1,357,PA,Nissan,cube5dr
681231,16,1,139,IA,Nissan,JUKESL
681264,0,1,339,AK,Nissan,Xterra4WD
681266,32,1,135,NC,Nissan,JUKEAWD
681279,15,1,227,HI,Nissan,QuestSL
681324,20,1,340,KS,Nissan,Xterra4dr
681392,9,1,151,DC,Nissan,Maxima4dr
681414,27,1,32,MN,Nissan,ArmadaSV
681439,6,1,338,CO,Nissan,Xterra2WD
681586,35,1,316,NH,Nissan,TitanKing
681646,44,1,27,PA,Nissan,ArmadaLE
681678,54,1,342,WA,Nissan,XterraS
681759,0,1,101,AK,Nissan,Frontier2WD
681881,38,1,171,NV,Nissan,NV200SV
681929,40,1,316,OH,Nissan,TitanKing
681955,15,1,314,HI,Nissan,Titan4WD
681961,17,1,139,ID,Nissan,JUKESL
682021,56,1,269,WV,Nissan,SentraS
682061,34,1,170,NE,Nissan,NV200S
682092,38,1,198,NV,Nissan,PathfinderSE
682123,28,1,342,MO,Nissan,XterraS
682124,15,1,192,HI,Nissan,Pathfinder4WD
682194,39,1,167,NY,Nissan,NV
682204,7,1,227,CT,Nissan,QuestSL
682233,57,1,104,WY,Nissan,FrontierKing
682294,19,1,340,IN,Nissan,Xterra4dr
682342,50,1,343,UT,Nissan,XterraX
682346,17,1,134,ID,Nissan,JUKE5dr
682357,25,1,314,ME,Nissan,Titan4WD
682360,24,1,357,MD,Nissan,cube5dr
682416,37,1,137,NM,Nissan,JUKENISMO
682681,39,1,170,NY,Nissan,NV200S
682743,46,1,339,SC,Nissan,Xterra4WD
682755,39,1,171,NY,Nissan,NV200SV
682781,2,1,22,AR,Nissan,AltimaCoupe
682846,51,1,135,VA,Nissan,JUKEAWD
683019,1,1,170,AL,Nissan,NV200S
683161,54,1,194,WA,Nissan,PathfinderHybrid
683185,22,1,157,LA,Nissan,Murano
683335,37,1,153,NM,Nissan,MaximaS
683345,15,1,153,HI,Nissan,MaximaS
683369,57,1,200,WY,Nissan,PathfinderSV
683403,27,1,157,MN,Nissan,Murano
683478,24,1,25,MD,Nissan,Armada2WD
683486,23,1,30,MA,Nissan,ArmadaSE
683505,17,1,171,ID,Nissan,NV200SV
683559,50,1,158,UT,Nissan,Murano2017.5
683572,19,1,165,IN,Nissan,MuranoSL
683583,37,1,338,NM,Nissan,Xterra2WD
683903,57,1,158,WY,Nissan,Murano2017.5
683928,19,1,30,IN,Nissan,ArmadaSE
683934,10,1,315,DE,Nissan,TitanCrew
683980,55,1,191,WI,Nissan,Pathfinder2WD
684103,54,1,227,WA,Nissan,QuestSL
684215,44,1,359,PA,Nissan,cubeSL
684302,45,1,104,RI,Nissan,FrontierKing
684336,50,1,195,UT,Nissan,PathfinderLE
684401,22,1,102,LA,Nissan,Frontier4WD
684409,21,1,336,KY,Nissan,VersaSL
684595,55,1,195,WI,Nissan,PathfinderLE
684657,36,1,227,NJ,Nissan,QuestSL
684674,13,1,343,GA,Nissan,XterraX
684786,25,1,199,ME,Nissan,PathfinderSL
684831,1,1,195,AL,Nissan,PathfinderLE
684979,28,1,198,MO,Nissan,PathfinderSE
685025,17,1,2,ID,Nissan,370ZCoupe
685042,55,1,30,WI,Nissan,ArmadaSE
685053,46,1,227,SC,Nissan,QuestSL
685144,20,1,201,KS,Nissan,PathfinderXE
685149,22,1,32,LA,Nissan,ArmadaSV
685437,13,1,166,GA,Nissan,MuranoSV
685528,18,1,194,IL,Nissan,PathfinderHybrid
685543,56,1,358,WV,Nissan,cubeS
685593,22,1,224,LA,Nissan,QuestLE
685649,42,1,336,OR,Nissan,VersaSL
685733,29,1,136,MS,Nissan,JUKEFWD
685789,44,1,190,PA,Nissan,Pathfinder
685806,46,1,198,SC,Nissan,PathfinderSE
685810,31,1,19,Md,Nissan,Altima2dr
685845,40,1,30,OH,Nissan,ArmadaSE
685858,54,1,25,WA,Nissan,Armada2WD
685895,22,1,171,LA,Nissan,NV200SV
686110,23,1,341,MA,Nissan,XterraPRO-4X
686145,57,1,270,WY,Nissan,SentraSL
686184,1,1,201,AL,Nissan,PathfinderXE
686211,30,1,139,MT,Nissan,JUKESL
686221,50,1,30,UT,Nissan,ArmadaSE
686252,36,1,27,NJ,Nissan,ArmadaLE
686295,7,1,168,CT,Nissan,NV1500
686297,32,1,32,NC,Nissan,ArmadaSV
686325,48,1,157,TN,Nissan,Murano
686345,25,1,255,ME,Nissan,Rogue
686357,41,1,100,OK,Nissan,Frontier
686464,15,1,343,HI,Nissan,XterraX
686521,32,1,30,NC,Nissan,ArmadaSE
686615,32,1,176,NC,Nissan,NVPV6
686772,54,1,193,WA,Nissan,Pathfinder4dr
686820,10,1,341,DE,Nissan,XterraPRO-4X
686824,36,1,224,NJ,Nissan,QuestLE
686861,32,1,224,NC,Nissan,QuestLE
686957,38,1,26,NV,Nissan,Armada4WD
686968,46,1,168,SC,Nissan,NV1500
687001,57,1,102,WY,Nissan,Frontier4WD
687142,15,1,171,HI,Nissan,NV200SV
687173,24,1,191,MD,Nissan,Pathfinder2WD
687182,26,1,25,MI,Nissan,Armada2WD
687375,27,1,102,MN,Nissan,Frontier4WD
687448,48,1,164,TN,Nissan,MuranoS
687624,49,1,168,TX,Nissan,NV1500
687671,46,1,171,SC,Nissan,NV200SV
687688,54,1,316,WA,Nissan,TitanKing
687753,20,1,177,KS,Nissan,NVPV8
687804,26,1,175,MI,Nissan,NVP3500
687910,46,1,137,SC,Nissan,JUKENISMO
688042,16,1,27,IA,Nissan,ArmadaLE
688049,36,1,101,NJ,Nissan,Frontier2WD
688091,44,1,32,PA,Nissan,ArmadaSV
688104,27,1,194,MN,Nissan,PathfinderHybrid
688126,21,1,163,KY,Nissan,MuranoLE
688175,46,1,224,SC,Nissan,QuestLE
688209,11,1,178,FL,Nissan,NVStandard
688239,35,1,333,NH,Nissan,Versa4dr
688243,50,1,31,UT,Nissan,ArmadaSL
688428,36,1,194,NJ,Nissan,PathfinderHybrid
688474,42,1,196,OR,Nissan,PathfinderPlatinum
688490,46,1,31,SC,Nissan,ArmadaSL
688520,48,1,174,TN,Nissan,NVHigh
688523,37,1,101,NM,Nissan,Frontier2WD
688528,6,1,167,CO,Nissan,NV
688563,27,1,159,MN,Nissan,Murano2WD
688605,40,1,313,OH,Nissan,Titan2WD
688631,24,1,168,MD,Nissan,NV1500
688651,45,1,2,RI,Nissan,370ZCoupe
688675,2,1,228,AR,Nissan,QuestSV
688706,49,1,175,TX,Nissan,NVP3500
688761,36,1,143,NJ,Nissan,LEAFSL
688768,42,1,29,OR,Nissan,ArmadaPlatinum
688809,15,1,196,HI,Nissan,PathfinderPlatinum
688840,17,1,1,ID,Nissan,370Z2dr
688878,2,1,168,AR,Nissan,NV1500
688885,51,1,32,VA,Nissan,ArmadaSV
688939,29,1,312,MS,Nissan,Titan
688943,26,1,144,MI,Nissan,LEAFSV
688954,1,1,157,AL,Nissan,Murano
688978,25,1,102,ME,Nissan,Frontier4WD
688991,30,1,339,MT,Nissan,Xterra4WD
688993,50,1,194,UT,Nissan,PathfinderHybrid
689013,19,1,227,IN,Nissan,QuestSL
689076,36,1,142,NJ,Nissan,LEAFS
689111,54,1,30,WA,Nissan,ArmadaSE
689122,47,1,260,SD,Nissan,RogueS
689132,40,1,178,OH,Nissan,NVStandard
689153,40,1,158,OH,Nissan,Murano2017.5
689201,13,1,225,GA,Nissan,QuestPlatinum
689280,39,1,4,NY,Nissan,370ZRoadster
689303,48,1,24,TN,Nissan,Armada2008
689380,18,1,175,IL,Nissan,NVP3500
689382,50,1,104,UT,Nissan,FrontierKing
689398,25,1,315,ME,Nissan,TitanCrew
689480,42,1,165,OR,Nissan,MuranoSL
689554,34,1,225,NE,Nissan,QuestPlatinum
689627,38,1,341,NV,Nissan,XterraPRO-4X
689709,55,1,225,WI,Nissan,QuestPlatinum
689713,51,1,175,VA,Nissan,NVP3500
689715,34,1,163,NE,Nissan,MuranoLE
689716,26,1,159,MI,Nissan,Murano2WD
689750,16,1,163,IA,Nissan,MuranoLE
689814,12,1,1,Fl,Nissan,370Z2dr
689865,22,1,31,LA,Nissan,ArmadaSL
689887,48,1,341,TN,Nissan,XterraPRO-4X
689891,27,1,343,MN,Nissan,XterraX
689898,32,1,166,NC,Nissan,MuranoSV
689924,32,1,175,NC,Nissan,NVP3500
689990,50,1,175,UT,Nissan,NVP3500
689994,39,1,178,NY,Nissan,NVStandard
690005,47,1,26,SD,Nissan,Armada4WD
690016,34,1,1,NE,Nissan,370Z2dr
690020,37,1,226,NM,Nissan,QuestS
690024,17,1,333,ID,Nissan,Versa4dr
690097,34,1,341,NE,Nissan,XterraPRO-4X
690116,20,1,194,KS,Nissan,PathfinderHybrid
690227,18,1,32,IL,Nissan,ArmadaSV
690264,25,1,2,ME,Nissan,370ZCoupe
690354,48,1,31,TN,Nissan,ArmadaSL
690356,1,1,267,AL,Nissan,SentraFE+
690393,12,1,315,Fl,Nissan,TitanCrew
690397,3,1,168,AZ,Nissan,NV1500
690445,0,1,341,AK,Nissan,XterraPRO-4X
690482,17,1,153,ID,Nissan,MaximaS
690506,48,1,172,TN,Nissan,NV2500
690507,52,1,104,VT,Nissan,FrontierKing
690555,1,1,341,AL,Nissan,XterraPRO-4X
690721,50,1,32,UT,Nissan,ArmadaSV
690754,13,1,178,GA,Nissan,NVStandard
690810,24,1,338,MD,Nissan,Xterra2WD
690815,10,1,102,DE,Nissan,Frontier4WD
690833,2,1,172,AR,Nissan,NV2500
690850,22,1,160,LA,Nissan,Murano4dr
690910,52,1,339,VT,Nissan,Xterra4WD
690993,36,1,313,NJ,Nissan,Titan2WD
691004,4,1,2,Az,Nissan,370ZCoupe
691180,47,1,192,SD,Nissan,Pathfinder4WD
691240,12,1,196,Fl,Nissan,PathfinderPlatinum
691271,17,1,258,ID,Nissan,RogueAWD
691344,32,1,172,NC,Nissan,NV2500
691391,36,1,31,NJ,Nissan,ArmadaSL
691405,30,1,258,MT,Nissan,RogueAWD
691446,40,1,157,OH,Nissan,Murano
691471,37,1,340,NM,Nissan,Xterra4dr
691477,56,1,102,WV,Nissan,Frontier4WD
691494,1,1,176,AL,Nissan,NVPV6
691510,20,1,172,KS,Nissan,NV2500
691604,21,1,157,KY,Nissan,Murano
691606,2,1,164,AR,Nissan,MuranoS
691696,54,1,32,WA,Nissan,ArmadaSV
691831,22,1,176,LA,Nissan,NVPV6
691847,20,1,25,KS,Nissan,Armada2WD
691892,50,1,1,UT,Nissan,370Z2dr
691951,48,1,3,TN,Nissan,370ZHeated/Cooled
691976,1,1,31,AL,Nissan,ArmadaSL
692013,29,1,1,MS,Nissan,370Z2dr
692076,21,1,341,KY,Nissan,XterraPRO-4X
692131,11,1,177,FL,Nissan,NVPV8
692243,42,1,172,OR,Nissan,NV2500
692314,44,1,31,PA,Nissan,ArmadaSL
692340,16,1,1,IA,Nissan,370Z2dr
692379,27,1,342,MN,Nissan,XterraS
692397,13,1,167,GA,Nissan,NV
692469,20,1,31,KS,Nissan,ArmadaSL
692486,26,1,31,MI,Nissan,ArmadaSL
692495,49,1,359,TX,Nissan,cubeSL
692530,7,1,1,CT,Nissan,370Z2dr
692535,1,1,168,AL,Nissan,NV1500
692599,17,1,157,ID,Nissan,Murano
692600,19,1,162,IN,Nissan,MuranoFWD
692609,55,1,162,WI,Nissan,MuranoFWD
692731,37,1,4,NM,Nissan,370ZRoadster
692789,7,1,29,CT,Nissan,ArmadaPlatinum
692914,42,1,173,OR,Nissan,NV3500
692915,52,1,137,VT,Nissan,JUKENISMO
692954,45,1,223,RI,Nissan,Quest4dr
692972,45,1,165,RI,Nissan,MuranoSL
692980,10,1,2,DE,Nissan,370ZCoupe
693017,26,1,137,MI,Nissan,JUKENISMO
693081,29,1,223,MS,Nissan,Quest4dr
693093,36,1,32,NJ,Nissan,ArmadaSV
693109,36,1,178,NJ,Nissan,NVStandard
693152,45,1,340,RI,Nissan,Xterra4dr
693247,23,1,173,MA,Nissan,NV3500
693256,13,1,27,GA,Nissan,ArmadaLE
693262,15,1,2,HI,Nissan,370ZCoupe
693297,45,1,100,RI,Nissan,Frontier
693394,27,1,174,MN,Nissan,NVHigh
693416,10,1,4,DE,Nissan,370ZRoadster
693422,23,1,172,MA,Nissan,NV2500
693476,11,1,195,FL,Nissan,PathfinderLE
693497,19,1,256,IN,Nissan,Rogue2017.5
693540,34,1,137,NE,Nissan,JUKENISMO
693604,48,1,177,TN,Nissan,NVPV8
693649,1,1,227,AL,Nissan,QuestSL
693680,2,1,31,AR,Nissan,ArmadaSL
693737,45,1,228,RI,Nissan,QuestSV
693739,40,1,174,OH,Nissan,NVHigh
693789,35,1,225,NH,Nissan,QuestPlatinum
693859,46,1,225,SC,Nissan,QuestPlatinum
693906,27,1,313,MN,Nissan,Titan2WD
693909,15,1,140,HI,Nissan,JUKESV
693910,55,1,100,WI,Nissan,Frontier
693958,17,1,29,ID,Nissan,ArmadaPlatinum
693991,1,1,171,AL,Nissan,NV200SV
694025,42,1,177,OR,Nissan,NVPV8
694035,49,1,190,TX,Nissan,Pathfinder
694071,21,1,177,KY,Nissan,NVPV8
694114,21,1,25,KY,Nissan,Armada2WD
694139,32,1,174,NC,Nissan,NVHigh
694201,52,1,315,VT,Nissan,TitanCrew
694305,0,1,140,AK,Nissan,JUKESV
694342,21,1,32,KY,Nissan,ArmadaSV
694427,26,1,196,MI,Nissan,PathfinderPlatinum
694441,41,1,29,OK,Nissan,ArmadaPlatinum
694466,18,1,31,IL,Nissan,ArmadaSL
694476,10,1,338,DE,Nissan,Xterra2WD
694726,38,1,312,NV,Nissan,Titan
694749,7,1,4,CT,Nissan,370ZRoadster
694771,46,1,32,SC,Nissan,ArmadaSV
694777,26,1,200,MI,Nissan,PathfinderSV
694789,55,1,172,WI,Nissan,NV2500
694808,36,1,4,NJ,Nissan,370ZRoadster
694814,1,1,198,AL,Nissan,PathfinderSE
694879,47,1,261,SD,Nissan,RogueSL
694899,30,1,29,MT,Nissan,ArmadaPlatinum
694950,37,1,25,NM,Nissan,Armada2WD
694970,2,1,137,AR,Nissan,JUKENISMO
695017,19,1,157,IN,Nissan,Murano
695029,37,1,100,NM,Nissan,Frontier
695080,41,1,227,OK,Nissan,QuestSL
695089,18,1,25,IL,Nissan,Armada2WD
695098,35,1,2,NH,Nissan,370ZCoupe
695101,47,1,151,SD,Nissan,Maxima4dr
695130,44,1,4,PA,Nissan,370ZRoadster
695161,55,1,168,WI,Nissan,NV1500
695185,21,1,312,KY,Nissan,Titan
695198,16,1,26,IA,Nissan,Armada4WD
695318,19,1,4,IN,Nissan,370ZRoadster
695366,55,1,29,WI,Nissan,ArmadaPlatinum
695425,24,1,135,MD,Nissan,JUKEAWD
695428,37,1,312,NM,Nissan,Titan
695451,11,1,190,FL,Nissan,Pathfinder
695470,7,1,191,CT,Nissan,Pathfinder2WD
695493,51,1,31,VA,Nissan,ArmadaSL
695498,11,1,341,FL,Nissan,XterraPRO-4X
695550,40,1,4,OH,Nissan,370ZRoadster
695554,34,1,4,NE,Nissan,370ZRoadster
695600,7,1,178,CT,Nissan,NVStandard
695609,29,1,27,MS,Nissan,ArmadaLE
695624,19,1,29,IN,Nissan,ArmadaPlatinum
695655,27,1,4,MN,Nissan,370ZRoadster
695703,15,1,26,HI,Nissan,Armada4WD
695711,38,1,4,NV,Nissan,370ZRoadster
695727,40,1,167,OH,Nissan,NV
695737,42,1,341,OR,Nissan,XterraPRO-4X
695811,42,1,137,OR,Nissan,JUKENISMO
695910,39,1,224,NY,Nissan,QuestLE
695918,28,1,227,MO,Nissan,QuestSL
696044,20,1,341,KS,Nissan,XterraPRO-4X
696051,32,1,168,NC,Nissan,NV1500
696059,6,1,193,CO,Nissan,Pathfinder4dr
696072,37,1,357,NM,Nissan,cube5dr
696146,44,1,173,PA,Nissan,NV3500
696150,30,1,357,MT,Nissan,cube5dr
696173,10,1,100,DE,Nissan,Frontier
696274,1,1,225,AL,Nissan,QuestPlatinum
696310,19,1,171,IN,Nissan,NV200SV
696395,19,1,341,IN,Nissan,XterraPRO-4X
696455,3,1,27,AZ,Nissan,ArmadaLE
696569,26,1,341,MI,Nissan,XterraPRO-4X
696571,38,1,170,NV,Nissan,NV200S
696579,19,1,312,IN,Nissan,Titan
696599,42,1,31,OR,Nissan,ArmadaSL
696601,45,1,26,RI,Nissan,Armada4WD
696650,13,1,31,GA,Nissan,ArmadaSL
696667,38,1,30,NV,Nissan,ArmadaSE
696673,10,1,342,DE,Nissan,XterraS
696685,5,1,106,CA,Nissan,FrontierSE
696739,15,1,175,HI,Nissan,NVP3500
696742,19,1,177,IN,Nissan,NVPV8
696770,56,1,101,WV,Nissan,Frontier2WD
696797,14,1,196,Ga,Nissan,PathfinderPlatinum
696811,48,1,28,TN,Nissan,ArmadaNISSAN
696831,55,1,173,WI,Nissan,NV3500
696839,2,1,342,AR,Nissan,XterraS
696924,35,1,171,NH,Nissan,NV200SV
696979,15,1,134,HI,Nissan,JUKE5dr
697082,35,1,227,NH,Nissan,QuestSL
697091,28,1,316,MO,Nissan,TitanKing
697116,52,1,101,VT,Nissan,Frontier2WD
697119,48,1,30,TN,Nissan,ArmadaSE
697128,30,1,102,MT,Nissan,Frontier4WD
697154,18,1,173,IL,Nissan,NV3500
697163,42,1,135,OR,Nissan,JUKEAWD
697187,26,1,357,MI,Nissan,cube5dr
697210,19,1,168,IN,Nissan,NV1500
697212,39,1,176,NY,Nissan,NVPV6
697257,28,1,25,MO,Nissan,Armada2WD
697282,29,1,201,MS,Nissan,PathfinderXE
697362,34,1,177,NE,Nissan,NVPV8
697447,27,1,2,MN,Nissan,370ZCoupe
697463,19,1,172,IN,Nissan,NV2500
697472,38,1,225,NV,Nissan,QuestPlatinum
697473,48,1,178,TN,Nissan,NVStandard
697513,39,1,177,NY,Nissan,NVPV8
697514,54,1,319,WA,Nissan,Trucks
697573,35,1,174,NH,Nissan,NVHigh
697613,29,1,314,MS,Nissan,Titan4WD
697657,39,1,172,NY,Nissan,NV2500
697680,0,1,2,AK,Nissan,370ZCoupe
697751,52,1,102,VT,Nissan,Frontier4WD
697758,16,1,172,IA,Nissan,NV2500
697805,17,1,26,ID,Nissan,Armada4WD
697845,46,1,177,SC,Nissan,NVPV8
746442,17,2,83,ID,Toyota,CorollaSE
746959,45,2,82,RI,Toyota,CorollaS
746963,50,2,344,UT,Toyota,Yaris
747178,45,2,83,RI,Toyota,CorollaSE
748189,53,2,82,Va,Toyota,CorollaS
748326,16,2,79,IA,Toyota,CorollaECO
748591,45,2,63,RI,Toyota,CamryLE
749507,31,2,82,Md,Toyota,CorollaS
749545,6,2,344,CO,Toyota,Yaris
749580,24,2,83,MD,Toyota,CorollaSE
749775,45,2,65,RI,Toyota,CamryXLE
749797,57,2,81,WY,Toyota,CorollaLE
749950,18,2,83,IL,Toyota,CorollaSE
750014,53,2,63,Va,Toyota,CamryLE
750059,57,2,80,WY,Toyota,CorollaL
750161,55,2,344,WI,Toyota,Yaris
750738,29,2,84,MS,Toyota,CorollaXLE
751750,25,2,79,ME,Toyota,CorollaECO
752248,12,2,212,Fl,Toyota,Prius
752748,23,2,83,MA,Toyota,CorollaSE
753805,47,2,78,SD,Toyota,Corolla4dr
754380,51,2,84,VA,Toyota,CorollaXLE
754650,26,2,77,MI,Toyota,Corolla
754984,25,2,63,ME,Toyota,CamryLE
754985,22,2,344,LA,Toyota,Yaris
755039,6,2,59,CO,Toyota,Camry2014.5
755055,49,2,85,TX,Toyota,CorollaXSE
755127,27,2,77,MN,Toyota,Corolla
755196,12,2,82,Fl,Toyota,CorollaS
755878,25,2,65,ME,Toyota,CamryXLE
755932,47,2,58,SD,Toyota,Camry
756256,13,2,85,GA,Toyota,CorollaXSE
756283,48,2,345,TN,Toyota,Yaris3-Door
756743,52,2,63,VT,Toyota,CamryLE
756786,21,2,345,KY,Toyota,Yaris3-Door
756917,57,2,78,WY,Toyota,Corolla4dr
757029,24,2,77,MD,Toyota,Corolla
757068,7,2,84,CT,Toyota,CorollaXLE
757289,42,2,345,OR,Toyota,Yaris3-Door
757428,22,2,79,LA,Toyota,CorollaECO
757449,6,2,345,CO,Toyota,Yaris3-Door
757729,36,2,77,NJ,Toyota,Corolla
757892,23,2,77,MA,Toyota,Corolla
757978,52,2,62,VT,Toyota,CamryL
758429,3,2,345,AZ,Toyota,Yaris3-Door
758450,51,2,59,VA,Toyota,Camry2014.5
758518,20,2,77,KS,Toyota,Corolla
758653,30,2,79,MT,Toyota,CorollaECO
759292,54,2,59,WA,Toyota,Camry2014.5
759590,16,2,147,IA,Toyota,Matrix5dr
759771,38,2,62,NV,Toyota,CamryL
759813,43,2,64,Oh,Toyota,CamrySE
759855,3,2,59,AZ,Toyota,Camry2014.5
760145,33,2,66,ND,Toyota,CamryXSE
760185,6,2,77,CO,Toyota,Corolla
760318,38,2,59,NV,Toyota,Camry2014.5
760402,24,2,345,MD,Toyota,Yaris3-Door
760864,53,2,60,Va,Toyota,Camry4dr
760926,17,2,350,ID,Toyota,Yaris5-Door
761155,56,2,350,WV,Toyota,Yaris5-Door
761285,52,2,65,VT,Toyota,CamryXLE
761817,48,2,350,TN,Toyota,Yaris5-Door
761988,36,2,85,NJ,Toyota,CorollaXSE
762574,29,2,147,MS,Toyota,Matrix5dr
762753,12,2,64,Fl,Toyota,CamrySE
762898,44,2,345,PA,Toyota,Yaris3-Door
762912,45,2,350,RI,Toyota,Yaris5-Door
763115,17,2,62,ID,Toyota,CamryL
763181,19,2,354,IN,Toyota,YarisL
763252,40,2,346,OH,Toyota,Yaris3dr
763270,29,2,350,MS,Toyota,Yaris5-Door
763371,30,2,65,MT,Toyota,CamryXLE
763846,52,2,58,VT,Toyota,Camry
763949,45,2,212,RI,Toyota,Prius
764093,41,2,79,OK,Toyota,CorollaECO
764125,13,2,149,GA,Toyota,MatrixS
764309,57,2,64,WY,Toyota,CamrySE
764334,21,2,61,KY,Toyota,CamryHybrid
764623,36,2,148,NJ,Toyota,MatrixL
764632,32,2,61,NC,Toyota,CamryHybrid
764772,18,2,85,IL,Toyota,CorollaXSE
764816,13,2,40,GA,Toyota,C-HRXLE
764863,2,2,79,AR,Toyota,CorollaECO
764930,24,2,61,MD,Toyota,CamryHybrid
765107,4,2,66,Az,Toyota,CamryXSE
765140,11,2,354,FL,Toyota,YarisL
765146,50,2,355,UT,Toyota,YarisLE
765564,46,2,350,SC,Toyota,Yaris5-Door
765689,3,2,149,AZ,Toyota,MatrixS
765863,13,2,354,GA,Toyota,YarisL
766264,44,2,148,PA,Toyota,MatrixL
766290,15,2,66,HI,Toyota,CamryXSE
766442,11,2,355,FL,Toyota,YarisLE
766478,23,2,148,MA,Toyota,MatrixL
766642,1,2,351,AL,Toyota,Yaris5dr
766726,45,2,232,RI,Toyota,RAV44X2
766782,11,2,352,FL,Toyota,YarisBase
766899,44,2,351,PA,Toyota,Yaris5dr
767000,3,2,40,AZ,Toyota,C-HRXLE
767037,2,2,350,AR,Toyota,Yaris5-Door
767061,34,2,236,NE,Toyota,RAV4FWD
767175,18,2,352,IL,Toyota,YarisBase
767211,41,2,147,OK,Toyota,Matrix5dr
767263,13,2,61,GA,Toyota,CamryHybrid
767490,18,2,146,IL,Toyota,MR2
767707,24,2,353,MD,Toyota,YarisFleet
767755,7,2,236,CT,Toyota,RAV4FWD
767794,16,2,61,IA,Toyota,CamryHybrid
767829,39,2,352,NY,Toyota,YarisBase
767895,10,2,351,DE,Toyota,Yaris5dr
767943,21,2,83,KY,Toyota,CorollaSE
768036,52,2,147,VT,Toyota,Matrix5dr
768089,28,2,346,MO,Toyota,Yaris3dr
768120,3,2,68,AZ,Toyota,Celica3dr
768131,12,2,147,Fl,Toyota,Matrix5dr
768266,27,2,40,MN,Toyota,C-HRXLE
768316,3,2,352,AZ,Toyota,YarisBase
768347,41,2,237,OK,Toyota,RAV4LE
768377,5,2,353,CA,Toyota,YarisFleet
768403,32,2,348,NC,Toyota,"Yaris4DR,"
768474,44,2,352,PA,Toyota,YarisBase
768486,45,2,237,RI,Toyota,RAV4LE
768512,28,2,146,MO,Toyota,MR2
768517,7,2,344,CT,Toyota,Yaris
768558,23,2,355,MA,Toyota,YarisLE
768560,7,2,112,CT,Toyota,Highlander
768564,19,2,345,IN,Toyota,Yaris3-Door
768644,18,2,347,IL,Toyota,Yaris4DR
768706,56,2,222,WV,Toyota,PriusTwo
768732,26,2,346,MI,Toyota,Yaris3dr
768857,41,2,221,OK,Toyota,PriusThree
768860,56,2,236,WV,Toyota,RAV4FWD
768926,40,2,14,OH,Toyota,86Manual
768991,16,2,215,IA,Toyota,PriusFive
769061,38,2,356,NV,Toyota,YarisSedan
769102,32,2,351,NC,Toyota,Yaris5dr
769121,13,2,68,GA,Toyota,Celica3dr
769238,30,2,216,MT,Toyota,PriusFour
769346,1,2,347,AL,Toyota,Yaris4DR
769357,18,2,148,IL,Toyota,MatrixL
769376,5,2,40,CA,Toyota,C-HRXLE
769466,18,2,40,IL,Toyota,C-HRXLE
769495,26,2,353,MI,Toyota,YarisFleet
769538,0,2,346,AK,Toyota,Yaris3dr
769605,10,2,237,DE,Toyota,RAV4LE
769647,21,2,349,KY,Toyota,Yaris4dr
769654,52,2,112,VT,Toyota,Highlander
769703,37,2,237,NM,Toyota,RAV4LE
769750,41,2,345,OK,Toyota,Yaris3-Door
769767,36,2,344,NJ,Toyota,Yaris
769804,23,2,351,MA,Toyota,Yaris5dr
769824,20,2,13,KS,Toyota,86Automatic
769877,11,2,148,FL,Toyota,MatrixL
770027,54,2,148,WA,Toyota,MatrixL
770062,50,2,13,UT,Toyota,86Automatic
770066,19,2,40,IN,Toyota,C-HRXLE
770105,36,2,244,NJ,Toyota,RAV4XLE/4WD/W/NAV/REAR
770212,12,2,219,Fl,Toyota,PriusOne
770219,26,2,237,MI,Toyota,RAV4LE
770510,29,2,40,MS,Toyota,C-HRXLE
770549,33,2,216,ND,Toyota,PriusFour
770657,23,2,215,MA,Toyota,PriusFive
770661,23,2,219,MA,Toyota,PriusOne
770911,1,2,14,AL,Toyota,86Manual
770981,26,2,40,MI,Toyota,C-HRXLE
770998,27,2,346,MN,Toyota,Yaris3dr
771021,48,2,237,TN,Toyota,RAV4LE
771117,1,2,147,AL,Toyota,Matrix5dr
771138,46,2,147,SC,Toyota,Matrix5dr
771165,5,2,352,CA,Toyota,YarisBase
771169,55,2,309,WI,Toyota,TacomaRegular
771198,6,2,346,CO,Toyota,Yaris3dr
771310,21,2,353,KY,Toyota,YarisFleet
771347,32,2,352,NC,Toyota,YarisBase
771349,39,2,219,NY,Toyota,PriusOne
771370,22,2,214,LA,Toyota,Prius5dr
771446,40,2,237,OH,Toyota,RAV4LE
771468,23,2,14,MA,Toyota,86Manual
771475,57,2,221,WY,Toyota,PriusThree
771479,57,2,214,WY,Toyota,Prius5dr
771676,51,2,353,VA,Toyota,YarisFleet
771781,22,2,61,LA,Toyota,CamryHybrid
771847,33,2,82,ND,Toyota,CorollaS
771981,17,2,236,ID,Toyota,RAV4FWD
772018,12,2,236,Fl,Toyota,RAV4FWD
772019,22,2,215,LA,Toyota,PriusFive
772030,50,2,220,UT,Toyota,PriusPersona
772111,27,2,349,MN,Toyota,Yaris4dr
772125,46,2,352,SC,Toyota,YarisBase
772130,26,2,221,MI,Toyota,PriusThree
772495,7,2,219,CT,Toyota,PriusOne
772573,51,2,220,VA,Toyota,PriusPersona
772624,34,2,222,NE,Toyota,PriusTwo
772691,12,2,222,Fl,Toyota,PriusTwo
772746,38,2,14,NV,Toyota,86Manual
772856,31,2,233,Md,Toyota,RAV44X4
773128,38,2,83,NV,Toyota,CorollaSE
773266,24,2,220,MD,Toyota,PriusPersona
773331,0,2,215,AK,Toyota,PriusFive
773391,1,2,352,AL,Toyota,YarisBase
773532,51,2,352,VA,Toyota,YarisBase
773552,40,2,352,OH,Toyota,YarisBase
773590,36,2,219,NJ,Toyota,PriusOne
773806,40,2,68,OH,Toyota,Celica3dr
774097,20,2,61,KS,Toyota,CamryHybrid
774133,15,2,58,HI,Toyota,Camry
774176,45,2,33,RI,Toyota,Avalon
774287,17,2,215,ID,Toyota,PriusFive
774429,57,2,233,WY,Toyota,RAV44X4
774432,51,2,68,VA,Toyota,Celica3dr
774562,46,2,146,SC,Toyota,MR2
774584,50,2,219,UT,Toyota,PriusOne
774698,15,2,233,HI,Toyota,RAV44X4
774703,42,2,353,OR,Toyota,YarisFleet
774724,57,2,147,WY,Toyota,Matrix5dr
774778,33,2,33,ND,Toyota,Avalon
775102,12,2,216,Fl,Toyota,PriusFour
775112,42,2,146,OR,Toyota,MR2
775603,48,2,241,TN,Toyota,RAV4Sport
775940,34,2,217,NE,Toyota,PriusHATCACK
775963,52,2,237,VT,Toyota,RAV4LE
776331,11,2,213,FL,Toyota,Prius4dr
776393,2,2,309,AR,Toyota,TacomaRegular
776397,10,2,301,DE,Toyota,Tacoma2WD
776596,53,2,214,Va,Toyota,Prius5dr
776687,22,2,309,LA,Toyota,TacomaRegular
776830,30,2,231,MT,Toyota,RAV44WD
776855,40,2,220,OH,Toyota,PriusPersona
777053,26,2,112,MI,Toyota,Highlander
777106,34,2,216,NE,Toyota,PriusFour
777364,16,2,326,IA,Toyota,"VenzaLE,"
777393,4,2,236,Az,Toyota,RAV4FWD
777450,26,2,113,MI,Toyota,Highlander2WD
777473,2,2,215,AR,Toyota,PriusFive
777579,28,2,243,MO,Toyota,RAV4XLE
777679,20,2,68,KS,Toyota,Celica3dr
777758,33,2,39,ND,Toyota,AvalonXLE
777778,41,2,351,OK,Toyota,Yaris5dr
777787,28,2,230,MO,Toyota,RAV42WD
777844,40,2,245,OH,Toyota,RAV4base
778011,48,2,146,TN,Toyota,MR2
778034,19,2,237,IN,Toyota,RAV4LE
778093,39,2,220,NY,Toyota,PriusPersona
778096,29,2,230,MS,Toyota,RAV42WD
778131,26,2,236,MI,Toyota,RAV4FWD
778154,1,2,146,AL,Toyota,MR2
778243,20,2,325,KS,Toyota,VenzaLE
778245,38,2,219,NV,Toyota,PriusOne
778296,11,2,220,FL,Toyota,PriusPersona
778336,26,2,230,MI,Toyota,RAV42WD
778366,20,2,220,KS,Toyota,PriusPersona
778437,30,2,309,MT,Toyota,TacomaRegular
778448,44,2,230,PA,Toyota,RAV42WD
778480,23,2,234,MA,Toyota,RAV44dr
778523,0,2,39,AK,Toyota,AvalonXLE
778529,11,2,284,FL,Toyota,SiennaBase
778545,52,2,117,VT,Toyota,Highlander4dr
778558,6,2,349,CO,Toyota,Yaris4dr
778634,45,2,58,RI,Toyota,Camry
778689,11,2,240,FL,Toyota,RAV4SE
778707,42,2,14,OR,Toyota,86Manual
778709,41,2,37,OK,Toyota,AvalonPremium
778748,31,2,236,Md,Toyota,RAV4FWD
778835,44,2,243,PA,Toyota,RAV4XLE
778890,33,2,236,ND,Toyota,RAV4FWD
779213,1,2,240,AL,Toyota,RAV4SE
779287,15,2,236,HI,Toyota,RAV4FWD
779306,0,2,214,AK,Toyota,Prius5dr
779491,2,2,220,AR,Toyota,PriusPersona
779601,26,2,349,MI,Toyota,Yaris4dr
779704,46,2,219,SC,Toyota,PriusOne
779715,50,2,15,UT,Toyota,86SE
779789,50,2,326,UT,Toyota,"VenzaLE,"
779805,7,2,220,CT,Toyota,PriusPersona
779850,26,2,229,MI,Toyota,RAV4
779902,42,2,219,OR,Toyota,PriusOne
779923,47,2,112,SD,Toyota,Highlander
779973,46,2,113,SC,Toyota,Highlander2WD
780197,58,2,146,ga,Toyota,MR2
780293,42,2,236,OR,Toyota,RAV4FWD
780313,19,2,353,IN,Toyota,YarisFleet
780380,10,2,216,DE,Toyota,PriusFour
780919,34,2,68,NE,Toyota,Celica3dr
781063,56,2,66,WV,Toyota,CamryXSE
781071,38,2,146,NV,Toyota,MR2
781231,41,2,325,OK,Toyota,VenzaLE
781260,51,2,37,VA,Toyota,AvalonPremium
781538,41,2,230,OK,Toyota,RAV42WD
781571,38,2,230,NV,Toyota,RAV42WD
781789,58,2,282,ga,Toyota,Sienna5dr
781794,36,2,287,NJ,Toyota,"SiennaL,"
781837,38,2,118,NV,Toyota,Highlander4x2
781856,26,2,240,MI,Toyota,RAV4SE
781906,1,2,325,AL,Toyota,VenzaLE
782009,34,2,234,NE,Toyota,RAV44dr
782074,14,2,304,Ga,Toyota,TacomaAccess
782146,10,2,325,DE,Toyota,VenzaLE
782228,53,2,240,Va,Toyota,RAV4SE
782238,39,2,37,NY,Toyota,AvalonPremium
782268,37,2,13,NM,Toyota,86Automatic
782287,48,2,218,TN,Toyota,PriusIII
782324,48,2,325,TN,Toyota,VenzaLE
782358,42,2,309,OR,Toyota,TacomaRegular
782390,10,2,33,DE,Toyota,Avalon
782463,16,2,344,IA,Toyota,Yaris
782467,3,2,325,AZ,Toyota,VenzaLE
782583,45,2,301,RI,Toyota,Tacoma2WD
782674,34,2,349,NE,Toyota,Yaris4dr
782752,31,2,212,Md,Toyota,Prius
782756,52,2,243,VT,Toyota,RAV4XLE
782907,35,2,309,NH,Toyota,TacomaRegular
783104,51,2,124,VA,Toyota,HighlanderLimited
783110,51,2,325,VA,Toyota,VenzaLE
783176,22,2,304,LA,Toyota,TacomaAccess
783195,46,2,239,SC,Toyota,RAV4Platinum
783209,2,2,240,AR,Toyota,RAV4SE
783265,1,2,112,AL,Toyota,Highlander
783304,34,2,238,NE,Toyota,RAV4Limited
783568,3,2,38,AZ,Toyota,AvalonTouring
783570,37,2,147,NM,Toyota,Matrix5dr
783722,27,2,38,MN,Toyota,AvalonTouring
783738,55,2,37,WI,Toyota,AvalonPremium
783759,50,2,234,UT,Toyota,RAV44dr
784040,12,2,282,Fl,Toyota,Sienna5dr
784086,24,2,288,MD,Toyota,SiennaLE
784160,13,2,325,GA,Toyota,VenzaLE
784293,0,2,36,AK,Toyota,AvalonLimited
784373,50,2,287,UT,Toyota,"SiennaL,"
784386,46,2,37,SC,Toyota,AvalonPremium
784447,5,2,37,CA,Toyota,AvalonPremium
784507,33,2,286,ND,Toyota,SiennaL
784668,19,2,351,IN,Toyota,Yaris5dr
784773,48,2,242,TN,Toyota,"RAV4V6,Sport,JBL"
784863,15,2,350,HI,Toyota,Yaris5-Door
784894,25,2,288,ME,Toyota,SiennaLE
784905,2,2,230,AR,Toyota,RAV42WD
784980,26,2,326,MI,Toyota,"VenzaLE,"
785019,25,2,34,ME,Toyota,Avalon4dr
785022,22,2,287,LA,Toyota,"SiennaL,"
785038,44,2,113,PA,Toyota,Highlander2WD
785081,2,2,330,AR,Toyota,"VenzaXLE,"
785107,45,2,304,RI,Toyota,TacomaAccess
785144,25,2,235,ME,Toyota,RAV4AWD
785292,20,2,38,KS,Toyota,AvalonTouring
785447,39,2,285,NY,Toyota,SiennaCE
785606,57,2,329,WY,Toyota,VenzaXLE
785611,30,2,326,MT,Toyota,"VenzaLE,"
785637,32,2,240,NC,Toyota,RAV4SE
785674,15,2,39,HI,Toyota,AvalonXLE
785730,49,2,239,TX,Toyota,RAV4Platinum
785749,33,2,234,ND,Toyota,RAV44dr
785888,32,2,284,NC,Toyota,SiennaBase
785894,49,2,15,TX,Toyota,86SE
785933,18,2,284,IL,Toyota,SiennaBase
786029,30,2,39,MT,Toyota,AvalonXLE
786063,56,2,326,WV,Toyota,"VenzaLE,"
786102,55,2,238,WI,Toyota,RAV4Limited
786105,35,2,33,NH,Toyota,Avalon
786156,32,2,239,NC,Toyota,RAV4Platinum
786164,57,2,39,WY,Toyota,AvalonXLE
786215,14,2,324,Ga,Toyota,Venza4dr
786256,10,2,114,DE,Toyota,Highlander4WD
786319,16,2,38,IA,Toyota,AvalonTouring
786542,2,2,113,AR,Toyota,Highlander2WD
786568,40,2,83,OH,Toyota,CorollaSE
786598,22,2,37,LA,Toyota,AvalonPremium
786700,57,2,58,WY,Toyota,Camry
786722,11,2,88,FL,Toyota,Echo4dr
786755,29,2,287,MS,Toyota,"SiennaL,"
786793,29,2,288,MS,Toyota,SiennaLE
786930,47,2,241,SD,Toyota,RAV4Sport
786935,2,2,237,AR,Toyota,RAV4LE
786943,53,2,324,Va,Toyota,Venza4dr
786983,46,2,79,SC,Toyota,CorollaECO
787100,22,2,33,LA,Toyota,Avalon
787167,10,2,117,DE,Toyota,Highlander4dr
787197,6,2,284,CO,Toyota,SiennaBase
787250,18,2,307,IL,Toyota,TacomaPreRunner
787409,2,2,61,AR,Toyota,CamryHybrid
787412,28,2,14,MO,Toyota,86Manual
787444,22,2,126,LA,Toyota,HighlanderSport
787449,39,2,325,NY,Toyota,VenzaLE
787461,56,2,309,WV,Toyota,TacomaRegular
787517,0,2,212,AK,Toyota,Prius
787535,35,2,240,NH,Toyota,RAV4SE
787548,33,2,120,ND,Toyota,HighlanderFWD
787554,7,2,328,CT,Toyota,"VenzaLimited,"
787982,33,2,282,ND,Toyota,Sienna5dr
788306,39,2,240,NY,Toyota,RAV4SE
788374,16,2,37,IA,Toyota,AvalonPremium
788380,15,2,63,HI,Toyota,CamryLE
788484,20,2,240,KS,Toyota,RAV4SE
788516,6,2,115,CO,Toyota,Highlander4X2
788530,42,2,288,OR,Toyota,SiennaLE
788539,16,2,230,IA,Toyota,RAV42WD
788605,32,2,288,NC,Toyota,SiennaLE
788678,5,2,240,CA,Toyota,RAV4SE
788680,51,2,85,VA,Toyota,CorollaXSE
788708,3,2,118,AZ,Toyota,Highlander4x2
788819,25,2,117,ME,Toyota,Highlander4dr
788911,55,2,329,WI,Toyota,VenzaXLE
788943,33,2,36,ND,Toyota,AvalonLimited
789007,35,2,113,NH,Toyota,Highlander2WD
789063,38,2,287,NV,Toyota,"SiennaL,"
789079,27,2,351,MN,Toyota,Yaris5dr
789133,19,2,328,IN,Toyota,"VenzaLimited,"
789169,27,2,304,MN,Toyota,TacomaAccess
789402,49,2,240,TX,Toyota,RAV4SE
789522,24,2,330,MD,Toyota,"VenzaXLE,"
789595,7,2,115,CT,Toyota,Highlander4X2
789802,48,2,328,TN,Toyota,"VenzaLimited,"
790211,18,2,240,IL,Toyota,RAV4SE
790267,24,2,287,MD,Toyota,"SiennaL,"
790278,35,2,115,NH,Toyota,Highlander4X2
790325,41,2,328,OK,Toyota,"VenzaLimited,"
790327,40,2,329,OH,Toyota,VenzaXLE
790389,27,2,237,MN,Toyota,RAV4LE
790399,36,2,124,NJ,Toyota,HighlanderLimited
790458,25,2,326,ME,Toyota,"VenzaLE,"
790488,27,2,288,MN,Toyota,SiennaLE
790500,26,2,39,MI,Toyota,AvalonXLE
790536,24,2,290,MD,Toyota,SiennaLE/DVD
790671,37,2,113,NM,Toyota,Highlander2WD
790734,19,2,238,IN,Toyota,RAV4Limited
790752,7,2,321,CT,Toyota,Tundra2WD
790768,15,2,64,HI,Toyota,CamrySE
790902,47,2,34,SD,Toyota,Avalon4dr
790914,22,2,329,LA,Toyota,VenzaXLE
790963,16,2,229,IA,Toyota,RAV4
790973,40,2,353,OH,Toyota,YarisFleet
791010,19,2,240,IN,Toyota,RAV4SE
791041,10,2,282,DE,Toyota,Sienna5dr
791164,2,2,219,AR,Toyota,PriusOne
791219,37,2,286,NM,Toyota,SiennaL
791249,58,2,36,ga,Toyota,AvalonLimited
791264,51,2,281,VA,Toyota,Sienna
791333,38,2,353,NV,Toyota,YarisFleet
791338,33,2,324,ND,Toyota,Venza4dr
791369,50,2,328,UT,Toyota,"VenzaLimited,"
791444,17,2,295,ID,Toyota,SiennaXLE
791454,21,2,321,KY,Toyota,Tundra2WD
791585,29,2,328,MS,Toyota,"VenzaLimited,"
791623,52,2,329,VT,Toyota,VenzaXLE
791627,34,2,292,NE,Toyota,"SiennaLimited,"
791686,55,2,288,WI,Toyota,SiennaLE
791719,3,2,328,AZ,Toyota,"VenzaLimited,"
791729,38,2,288,NV,Toyota,SiennaLE
791730,52,2,330,VT,Toyota,"VenzaXLE,"
791754,48,2,288,TN,Toyota,SiennaLE
791792,52,2,66,VT,Toyota,CamryXSE
791892,11,2,118,FL,Toyota,Highlander4x2
791981,23,2,120,MA,Toyota,HighlanderFWD
792000,5,2,284,CA,Toyota,SiennaBase
792097,17,2,287,ID,Toyota,"SiennaL,"
792204,27,2,321,MN,Toyota,Tundra2WD
792219,34,2,330,NE,Toyota,"VenzaXLE,"
792228,38,2,326,NV,Toyota,"VenzaLE,"
792241,20,2,273,KS,Toyota,Sequoia2WD
792330,28,2,83,MO,Toyota,CorollaSE
792335,34,2,212,NE,Toyota,Prius
792398,1,2,118,AL,Toyota,Highlander4x2
792429,2,2,321,AR,Toyota,Tundra2WD
792465,40,2,345,OH,Toyota,Yaris3-Door
792518,20,2,286,KS,Toyota,SiennaL
792593,11,2,308,FL,Toyota,TacomaPrerunner
792616,41,2,288,OK,Toyota,SiennaLE
792623,20,2,288,KS,Toyota,SiennaLE
792720,41,2,327,OK,Toyota,VenzaLimited
792819,18,2,353,IL,Toyota,YarisFleet
792859,48,2,118,TN,Toyota,Highlander4x2
792923,32,2,123,NC,Toyota,HighlanderLE
793044,33,2,330,ND,Toyota,"VenzaXLE,"
793087,6,2,37,CO,Toyota,AvalonPremium
793187,54,2,85,WA,Toyota,CorollaXSE
793208,29,2,123,MS,Toyota,HighlanderLE
793211,2,2,33,AR,Toyota,Avalon
793281,30,2,289,MT,Toyota,"SiennaLE,"
793307,35,2,329,NH,Toyota,VenzaXLE
793355,3,2,353,AZ,Toyota,YarisFleet
793397,1,2,288,AL,Toyota,SiennaLE
793434,26,2,66,MI,Toyota,CamryXSE
793452,21,2,113,KY,Toyota,Highlander2WD
793493,53,2,320,Va,Toyota,Tundra
793547,45,2,282,RI,Toyota,Sienna5dr
793631,26,2,327,MI,Toyota,VenzaLimited
793736,22,2,219,LA,Toyota,PriusOne
793737,11,2,122,FL,Toyota,HighlanderHybrid
793868,22,2,288,LA,Toyota,SiennaLE
793995,32,2,118,NC,Toyota,Highlander4x2
794019,3,2,288,AZ,Toyota,SiennaLE
794133,48,2,356,TN,Toyota,YarisSedan
794143,44,2,321,PA,Toyota,Tundra2WD
794162,13,2,121,GA,Toyota,HighlanderHARD
794293,57,2,116,WY,Toyota,Highlander4X4
794310,16,2,321,IA,Toyota,Tundra2WD
794313,29,2,219,MS,Toyota,PriusOne
794364,20,2,148,KS,Toyota,MatrixL
794533,13,2,327,GA,Toyota,VenzaLimited
794652,51,2,113,VA,Toyota,Highlander2WD
794661,10,2,330,DE,Toyota,"VenzaXLE,"
794689,33,2,295,ND,Toyota,SiennaXLE
794698,46,2,353,SC,Toyota,YarisFleet
794728,37,2,36,NM,Toyota,AvalonLimited
794766,2,2,234,AR,Toyota,RAV44dr
795011,57,2,282,WY,Toyota,Sienna5dr
795057,55,2,304,WI,Toyota,TacomaAccess
795083,7,2,288,CT,Toyota,SiennaLE
795148,5,2,302,CA,Toyota,Tacoma4D
795158,29,2,284,MS,Toyota,SiennaBase
795162,42,2,240,OR,Toyota,RAV4SE
795200,11,2,327,FL,Toyota,VenzaLimited
795203,0,2,296,AK,Toyota,"SiennaXLE,"
795365,1,2,114,AL,Toyota,Highlander4WD
795414,36,2,328,NJ,Toyota,"VenzaLimited,"
795499,40,2,327,OH,Toyota,VenzaLimited
795698,34,2,304,NE,Toyota,TacomaAccess
795807,28,2,35,MO,Toyota,AvalonHybrid
795853,56,2,289,WV,Toyota,"SiennaLE,"
795863,41,2,304,OK,Toyota,TacomaAccess
795888,21,2,123,KY,Toyota,HighlanderLE
795895,53,2,296,Va,Toyota,"SiennaXLE,"
795948,36,2,220,NJ,Toyota,PriusPersona
795961,19,2,288,IN,Toyota,SiennaLE
796453,11,2,356,FL,Toyota,YarisSedan
796534,44,2,239,PA,Toyota,RAV4Platinum
796792,1,2,123,AL,Toyota,HighlanderLE
796847,52,2,324,VT,Toyota,Venza4dr
796884,44,2,323,PA,Toyota,TundraSR5
797044,12,2,346,Fl,Toyota,Yaris3dr
797089,5,2,297,CA,Toyota,"SiennaXLE,CERTIFIED,"
797148,16,2,304,IA,Toyota,TacomaAccess
797262,28,2,328,MO,Toyota,"VenzaLimited,"
797305,42,2,123,OR,Toyota,HighlanderLE
797432,13,2,283,GA,Toyota,Sienna7-Pass
797438,28,2,304,MO,Toyota,TacomaAccess
797456,36,2,286,NJ,Toyota,SiennaL
797460,48,2,286,TN,Toyota,SiennaL
797486,21,2,6,KY,Toyota,4Runner2WD
797555,0,2,277,AK,Toyota,Sequoia4dr
797603,29,2,304,MS,Toyota,TacomaAccess
797606,13,2,77,GA,Toyota,Corolla
797630,45,2,295,RI,Toyota,SiennaXLE
797648,12,2,321,Fl,Toyota,Tundra2WD
797852,32,2,345,NC,Toyota,Yaris3-Door
797891,12,2,306,Fl,Toyota,TacomaDouble
797936,14,2,114,Ga,Toyota,Highlander4WD
797988,45,2,116,RI,Toyota,Highlander4X4
797989,24,2,321,MD,Toyota,Tundra2WD
798044,30,2,295,MT,Toyota,SiennaXLE
798160,43,2,60,Oh,Toyota,Camry4dr
798234,57,2,60,WY,Toyota,Camry4dr
798260,23,2,327,MA,Toyota,VenzaLimited
798385,36,2,14,NJ,Toyota,86Manual
798430,6,2,61,CO,Toyota,CamryHybrid
798435,31,2,119,Md,Toyota,HighlanderAWD
798508,25,2,294,ME,Toyota,"SiennaSE,"
798525,37,2,117,NM,Toyota,Highlander4dr
798593,47,2,329,SD,Toyota,VenzaXLE
798786,51,2,273,VA,Toyota,Sequoia2WD
798816,17,2,296,ID,Toyota,"SiennaXLE,"
798825,13,2,146,GA,Toyota,MR2
798857,37,2,330,NM,Toyota,"VenzaXLE,"
798895,45,2,147,RI,Toyota,Matrix5dr
798925,36,2,353,NJ,Toyota,YarisFleet
799060,46,2,351,SC,Toyota,Yaris5dr
799129,47,2,296,SD,Toyota,"SiennaXLE,"
799196,21,2,13,KY,Toyota,86Automatic
799256,48,2,327,TN,Toyota,VenzaLimited
799310,55,2,123,WI,Toyota,HighlanderLE
799334,20,2,304,KS,Toyota,TacomaAccess
799435,21,2,327,KY,Toyota,VenzaLimited
799573,3,2,273,AZ,Toyota,Sequoia2WD
799611,29,2,277,MS,Toyota,Sequoia4dr
799698,28,2,38,MO,Toyota,AvalonTouring
799772,57,2,301,WY,Toyota,Tacoma2WD
799822,44,2,286,PA,Toyota,SiennaL
799931,24,2,286,MD,Toyota,SiennaL
800055,15,2,112,HI,Toyota,Highlander
800123,21,2,346,KY,Toyota,Yaris3dr
800153,45,2,306,RI,Toyota,TacomaDouble
800197,54,2,327,WA,Toyota,VenzaLimited
800203,21,2,351,KY,Toyota,Yaris5dr
800228,46,2,116,SC,Toyota,Highlander4X4
800254,29,2,112,MS,Toyota,Highlander
800306,36,2,305,NJ,Toyota,TacomaBase
800316,22,2,291,LA,Toyota,SiennaLimited
800321,22,2,295,LA,Toyota,SiennaXLE
800475,25,2,116,ME,Toyota,Highlander4X4
800722,6,2,146,CO,Toyota,MR2
800727,48,2,6,TN,Toyota,4Runner2WD
800806,55,2,351,WI,Toyota,Yaris5dr
800954,42,2,11,OR,Toyota,4RunnerRWD
800962,32,2,37,NC,Toyota,AvalonPremium
801141,3,2,327,AZ,Toyota,VenzaLimited
801143,25,2,115,ME,Toyota,Highlander4X2
801158,47,2,295,SD,Toyota,SiennaXLE
801248,50,2,286,UT,Toyota,SiennaL
801278,22,2,230,LA,Toyota,RAV42WD
801340,2,2,295,AR,Toyota,SiennaXLE
801434,41,2,291,OK,Toyota,SiennaLimited
801470,17,2,123,ID,Toyota,HighlanderLE
801471,16,2,294,IA,Toyota,"SiennaSE,"
801738,17,2,291,ID,Toyota,SiennaLimited
801872,13,2,286,GA,Toyota,SiennaL
802053,43,2,303,Oh,Toyota,Tacoma4WD
802264,20,2,11,KS,Toyota,4RunnerRWD
802339,36,2,37,NJ,Toyota,AvalonPremium
802421,30,2,322,MT,Toyota,Tundra4WD
802485,51,2,35,VA,Toyota,AvalonHybrid
802522,45,2,296,RI,Toyota,"SiennaXLE,"
802700,29,2,273,MS,Toyota,Sequoia2WD
802730,12,2,231,Fl,Toyota,RAV44WD
802898,51,2,9,VA,Toyota,4Runner4x2
802904,37,2,292,NM,Toyota,"SiennaLimited,"
803044,42,2,112,OR,Toyota,Highlander
803045,26,2,293,MI,Toyota,SiennaSE
803183,28,2,284,MO,Toyota,SiennaBase
803320,13,2,12,GA,Toyota,4RunnerSR5
803499,46,2,112,SC,Toyota,Highlander
803591,28,2,293,MO,Toyota,SiennaSE
803614,6,2,9,CO,Toyota,4Runner4x2
803639,18,2,9,IL,Toyota,4Runner4x2
803682,10,2,349,DE,Toyota,Yaris4dr
803713,39,2,349,NY,Toyota,Yaris4dr
803773,11,2,67,FL,Toyota,Celica2dr
803924,25,2,296,ME,Toyota,"SiennaXLE,"
803969,38,2,346,NV,Toyota,Yaris3dr
803985,12,2,239,Fl,Toyota,RAV4Platinum
804021,27,2,238,MN,Toyota,RAV4Limited
804271,16,2,287,IA,Toyota,"SiennaL,"
804280,35,2,292,NH,Toyota,"SiennaLimited,"
804303,34,2,8,NE,Toyota,4Runner4dr
804354,41,2,220,OK,Toyota,PriusPersona
804383,29,2,243,MS,Toyota,RAV4XLE
804391,7,2,294,CT,Toyota,"SiennaSE,"
804393,16,2,291,IA,Toyota,SiennaLimited
804473,40,2,293,OH,Toyota,SiennaSE
804547,6,2,127,CO,Toyota,HighlanderXLE
804564,16,2,277,IA,Toyota,Sequoia4dr
804637,1,2,291,AL,Toyota,SiennaLimited
804643,1,2,349,AL,Toyota,Yaris4dr
804655,6,2,6,CO,Toyota,4Runner2WD
804726,45,2,320,RI,Toyota,Tundra
804813,11,2,127,FL,Toyota,HighlanderXLE
804847,6,2,213,CO,Toyota,Prius4dr
804864,15,2,11,HI,Toyota,4RunnerRWD
804925,29,2,307,MS,Toyota,TacomaPreRunner
804940,29,2,113,MS,Toyota,Highlander2WD
805089,56,2,296,WV,Toyota,"SiennaXLE,"
805102,22,2,292,LA,Toyota,"SiennaLimited,"
805117,36,2,123,NJ,Toyota,HighlanderLE
805147,22,2,35,LA,Toyota,AvalonHybrid
805360,57,2,306,WY,Toyota,TacomaDouble
805508,6,2,321,CO,Toyota,Tundra2WD
805538,36,2,280,NJ,Toyota,SequoiaSR5
805567,41,2,286,OK,Toyota,SiennaL
805596,35,2,321,NH,Toyota,Tundra2WD
805609,11,2,146,FL,Toyota,MR2
805670,38,2,322,NV,Toyota,Tundra4WD
805685,22,2,231,LA,Toyota,RAV44WD
805794,24,2,291,MD,Toyota,SiennaLimited
805886,46,2,291,SC,Toyota,SiennaLimited
805947,23,2,321,MA,Toyota,Tundra2WD
805977,12,2,11,Fl,Toyota,4RunnerRWD
806111,38,2,116,NV,Toyota,Highlander4X4
806162,37,2,294,NM,Toyota,"SiennaSE,"
806219,30,2,232,MT,Toyota,RAV44X2
806317,29,2,125,MS,Toyota,HighlanderSE
806456,0,2,116,AK,Toyota,Highlander4X4
806638,24,2,127,MD,Toyota,HighlanderXLE
806753,48,2,291,TN,Toyota,SiennaLimited
806957,39,2,309,NY,Toyota,TacomaRegular
807103,37,2,11,NM,Toyota,4RunnerRWD
807173,15,2,83,HI,Toyota,CorollaSE
807205,2,2,238,AR,Toyota,RAV4Limited
807378,57,2,277,WY,Toyota,Sequoia4dr
807447,30,2,330,MT,Toyota,"VenzaXLE,"
807719,40,2,127,OH,Toyota,HighlanderXLE
807782,10,2,37,DE,Toyota,AvalonPremium
807835,17,2,146,ID,Toyota,MR2
807891,50,2,118,UT,Toyota,Highlander4x2
807929,22,2,119,LA,Toyota,HighlanderAWD
808018,34,2,291,NE,Toyota,SiennaLimited
808038,16,2,125,IA,Toyota,HighlanderSE
808063,40,2,11,OH,Toyota,4RunnerRWD
808075,33,2,306,ND,Toyota,TacomaDouble
808169,15,2,328,HI,Toyota,"VenzaLimited,"
808199,20,2,230,KS,Toyota,RAV42WD
808277,16,2,279,IA,Toyota,SequoiaRWD
808376,15,2,232,HI,Toyota,RAV44X2
808415,28,2,127,MO,Toyota,HighlanderXLE
808481,55,2,277,WI,Toyota,Sequoia4dr
808610,45,2,235,RI,Toyota,RAV4AWD
808859,34,2,243,NE,Toyota,RAV4XLE
808872,46,2,127,SC,Toyota,HighlanderXLE
808963,34,2,310,NE,Toyota,TacomaSR5
809109,20,2,147,KS,Toyota,Matrix5dr
809272,38,2,279,NV,Toyota,SequoiaRWD
809292,44,2,146,PA,Toyota,MR2
809301,20,2,322,KS,Toyota,Tundra4WD
809406,40,2,279,OH,Toyota,SequoiaRWD
809568,22,2,275,LA,Toyota,Sequoia4X2
809603,6,2,125,CO,Toyota,HighlanderSE
809728,28,2,291,MO,Toyota,SiennaLimited
809735,43,2,119,Oh,Toyota,HighlanderAWD
809912,48,2,323,TN,Toyota,TundraSR5
809921,40,2,275,OH,Toyota,Sequoia4X2
809945,27,2,216,MN,Toyota,PriusFour
810045,24,2,122,MD,Toyota,HighlanderHybrid
810088,35,2,291,NH,Toyota,SiennaLimited
810145,2,2,118,AR,Toyota,Highlander4x2
810183,54,2,5,WA,Toyota,4Runner
810317,54,2,146,WA,Toyota,MR2
810332,22,2,127,LA,Toyota,HighlanderXLE
810346,19,2,124,IN,Toyota,HighlanderLimited
810390,8,2,11,Ca,Toyota,4RunnerRWD
810414,28,2,125,MO,Toyota,HighlanderSE
810429,34,2,287,NE,Toyota,"SiennaL,"
810460,44,2,287,PA,Toyota,"SiennaL,"
810503,16,2,288,IA,Toyota,SiennaLE
810513,24,2,125,MD,Toyota,HighlanderSE
810819,28,2,8,MO,Toyota,4Runner4dr
810837,21,2,127,KY,Toyota,HighlanderXLE
810975,50,2,9,UT,Toyota,4Runner4x2
811002,37,2,276,NM,Toyota,Sequoia4X4
811012,18,2,113,IL,Toyota,Highlander2WD
811142,47,2,7,SD,Toyota,4Runner4WD
811168,13,2,124,GA,Toyota,HighlanderLimited
811186,2,2,127,AR,Toyota,HighlanderXLE
811244,37,2,291,NM,Toyota,SiennaLimited
811325,39,2,280,NY,Toyota,SequoiaSR5
811395,29,2,293,MS,Toyota,SiennaSE
811419,7,2,327,CT,Toyota,VenzaLimited
811476,2,2,37,AR,Toyota,AvalonPremium
811489,38,2,127,NV,Toyota,HighlanderXLE
811521,55,2,127,WI,Toyota,HighlanderXLE
811539,22,2,6,LA,Toyota,4Runner2WD
811611,51,2,125,VA,Toyota,HighlanderSE
811621,19,2,127,IN,Toyota,HighlanderXLE
811661,50,2,127,UT,Toyota,HighlanderXLE
811681,37,2,299,NM,Toyota,T100XtraCab
811752,19,2,9,IN,Toyota,4Runner4x2
811887,5,2,310,CA,Toyota,TacomaSR5
811997,37,2,234,NM,Toyota,RAV44dr
812026,58,2,9,ga,Toyota,4Runner4x2
812031,51,2,293,VA,Toyota,SiennaSE
812098,45,2,292,RI,Toyota,"SiennaLimited,"
812143,7,2,299,CT,Toyota,T100XtraCab
812266,11,2,124,FL,Toyota,HighlanderLimited
812359,29,2,38,MS,Toyota,AvalonTouring
812373,40,2,37,OH,Toyota,AvalonPremium
812534,33,2,127,ND,Toyota,HighlanderXLE
812630,48,2,125,TN,Toyota,HighlanderSE
812703,17,2,112,ID,Toyota,Highlander
812720,58,2,119,ga,Toyota,HighlanderAWD
812746,41,2,112,OK,Toyota,Highlander
812820,40,2,9,OH,Toyota,4Runner4x2
812846,1,2,124,AL,Toyota,HighlanderLimited
812954,48,2,215,TN,Toyota,PriusFive
813036,17,2,39,ID,Toyota,AvalonXLE
813125,6,2,275,CO,Toyota,Sequoia4X2
813205,3,2,113,AZ,Toyota,Highlander2WD
813224,42,2,113,OR,Toyota,Highlander2WD
813252,29,2,33,MS,Toyota,Avalon
813295,24,2,275,MD,Toyota,Sequoia4X2
813307,31,2,124,Md,Toyota,HighlanderLimited
813311,46,2,326,SC,Toyota,"VenzaLE,"
813342,34,2,145,NE,Toyota,Land
813443,29,2,330,MS,Toyota,"VenzaXLE,"
813462,30,2,292,MT,Toyota,"SiennaLimited,"
813567,11,2,239,FL,Toyota,RAV4Platinum
813572,45,2,234,RI,Toyota,RAV44dr
813593,34,2,328,NE,Toyota,"VenzaLimited,"
813787,1,2,274,AL,Toyota,Sequoia4WD
813905,6,2,299,CO,Toyota,T100XtraCab
814071,23,2,239,MA,Toyota,RAV4Platinum
814157,32,2,124,NC,Toyota,HighlanderLimited
814229,38,2,145,NV,Toyota,Land
814233,54,2,291,WA,Toyota,SiennaLimited
814285,32,2,276,NC,Toyota,Sequoia4X4
814333,21,2,300,KY,Toyota,Tacoma
814445,39,2,145,NY,Toyota,Land
814504,46,2,234,SC,Toyota,RAV44dr
814609,22,2,114,LA,Toyota,Highlander4WD
814692,28,2,113,MO,Toyota,Highlander2WD
815035,49,2,280,TX,Toyota,SequoiaSR5
815050,16,2,276,IA,Toyota,Sequoia4X4
815073,0,2,274,AK,Toyota,Sequoia4WD
815321,26,2,289,MI,Toyota,"SiennaLE,"
815443,34,2,282,NE,Toyota,Sienna5dr
815448,15,2,231,HI,Toyota,RAV44WD
815657,20,2,291,KS,Toyota,SiennaLimited
816056,13,2,118,GA,Toyota,Highlander4x2
816103,29,2,116,MS,Toyota,Highlander4X4
816149,56,2,65,WV,Toyota,CamryXLE
816191,30,2,274,MT,Toyota,Sequoia4WD
816761,37,2,293,NM,Toyota,SiennaSE
816818,25,2,330,ME,Toyota,"VenzaXLE,"
816889,23,2,293,MA,Toyota,SiennaSE
816964,48,2,311,TN,Toyota,TacomaTRD
817162,3,2,284,AZ,Toyota,SiennaBase
817179,38,2,238,NV,Toyota,RAV4Limited
817304,30,2,117,MT,Toyota,Highlander4dr
817487,11,2,145,FL,Toyota,Land
817636,22,2,293,LA,Toyota,SiennaSE
817746,7,2,145,CT,Toyota,Land
817790,29,2,118,MS,Toyota,Highlander4x2
817882,46,2,145,SC,Toyota,Land
817938,13,2,284,GA,Toyota,SiennaBase
818011,17,2,6,ID,Toyota,4Runner2WD
818179,54,2,356,WA,Toyota,YarisSedan
818194,18,2,145,IL,Toyota,Land
818378,3,2,275,AZ,Toyota,Sequoia4X2
818607,2,2,273,AR,Toyota,Sequoia2WD
818660,6,2,293,CO,Toyota,SiennaSE
818697,17,2,274,ID,Toyota,Sequoia4WD
818698,24,2,327,MD,Toyota,VenzaLimited
818768,26,2,284,MI,Toyota,SiennaBase
818833,21,2,292,KY,Toyota,"SiennaLimited,"
819016,22,2,299,LA,Toyota,T100XtraCab
819249,50,2,145,UT,Toyota,Land
819396,37,2,115,NM,Toyota,Highlander4X2
819434,46,2,275,SC,Toyota,Sequoia4X2
819493,18,2,239,IL,Toyota,RAV4Platinum
819570,47,2,10,SD,Toyota,4Runner4x4
819615,21,2,279,KY,Toyota,SequoiaRWD
819700,6,2,286,CO,Toyota,SiennaL
819808,39,2,11,NY,Toyota,4RunnerRWD
819867,17,2,276,ID,Toyota,Sequoia4X4
820163,37,2,278,NM,Toyota,SequoiaLimited
820184,45,2,276,RI,Toyota,Sequoia4X4
820345,29,2,119,MS,Toyota,HighlanderAWD
820415,18,2,276,IL,Toyota,Sequoia4X4
820761,1,2,292,AL,Toyota,"SiennaLimited,"
820777,6,2,276,CO,Toyota,Sequoia4X4
821029,30,2,296,MT,Toyota,"SiennaXLE,"
821114,52,2,286,VT,Toyota,SiennaL
821187,27,2,294,MN,Toyota,"SiennaSE,"
821450,31,2,7,Md,Toyota,4Runner4WD
821537,15,2,230,HI,Toyota,RAV42WD
821543,47,2,306,SD,Toyota,TacomaDouble
821905,5,2,281,CA,Toyota,Sienna
821913,15,2,10,HI,Toyota,4Runner4x4
821976,37,2,279,NM,Toyota,SequoiaRWD
822073,54,2,123,WA,Toyota,HighlanderLE
822125,55,2,293,WI,Toyota,SiennaSE
822157,52,2,282,VT,Toyota,Sienna5dr
822200,23,2,238,MA,Toyota,RAV4Limited
822309,5,2,12,CA,Toyota,4RunnerSR5
822509,37,2,145,NM,Toyota,Land
822529,51,2,298,VA,Toyota,Supra3dr
822618,15,2,321,HI,Toyota,Tundra2WD
822637,47,2,233,SD,Toyota,RAV44X4
822750,15,2,274,HI,Toyota,Sequoia4WD
822785,55,2,276,WI,Toyota,Sequoia4X4
822820,30,2,91,MT,Toyota,FJ
822893,26,2,145,MI,Toyota,Land
822959,20,2,145,KS,Toyota,Land
823132,9,2,303,DC,Toyota,Tacoma4WD
823375,51,2,275,VA,Toyota,Sequoia4X2
823506,1,2,122,AL,Toyota,HighlanderHybrid
823580,48,2,145,TN,Toyota,Land
